瘤痢,瘤痢疙,老矫,乞闭扁柯(∑C),弥历扁柯(∑C),弥绊扁柯(∑C),老碍荐樊(mm),乞闭 浅加(m/s),乞闭 惑措嚼档(%)
143,措备,2020-06-01,23.6,19.9,29.1,,3,47.8
143,措备,2020-06-02,22.5,15,29.3,,1.4,41.9
143,措备,2020-06-03,24.1,17.2,31.1,,1.7,56.5
143,措备,2020-06-04,27.7,19.6,35.3,,2.1,56.5
143,措备,2020-06-05,25.9,19.8,34.6,,2.7,61
143,措备,2020-06-06,21.2,18.4,26.3,,4.4,65.9
143,措备,2020-06-07,23.5,16.2,31.3,,2.4,53.9
143,措备,2020-06-08,26.9,17.4,35.6,,1.5,46.6
143,措备,2020-06-09,28.7,21,37,,1.5,46.3
143,措备,2020-06-10,28.1,21.3,36.1,.1,1.8,54.8
143,措备,2020-06-11,25.5,20.6,31.7,29,1.5,77.4
143,措备,2020-06-12,25.6,19.7,30.9,51,1.8,79.5
143,措备,2020-06-13,24.6,19.7,29.5,10,1.3,81.5
143,措备,2020-06-14,25.5,23.1,30.5,36.5,2.5,80.9
143,措备,2020-06-15,25.9,19.9,31.8,,2.4,53.9
143,措备,2020-06-16,24.8,18.9,31.3,,2,49.9
143,措备,2020-06-17,23.3,18.3,27.7,,1.4,54.4
143,措备,2020-06-18,19.2,17.8,23.1,7.2,1.4,84.6
143,措备,2020-06-19,22,17.9,28.7,.4,2.1,70.6
143,措备,2020-06-20,23.2,20,28.8,,2.8,62.8
143,措备,2020-06-21,22.2,17.7,27.2,,3.4,64.1
143,措备,2020-06-22,25.3,16.2,33.5,,1.7,56.1
143,措备,2020-06-23,26.3,19.4,34,,1.9,53.4
143,措备,2020-06-24,22.2,20.1,24.5,2.3,2.8,75.4
143,措备,2020-06-25,23.8,20.1,26.9,.7,1.1,86.1
143,措备,2020-06-26,25.5,21.7,30.7,,2.4,60.3
143,措备,2020-06-27,26.1,20.9,31.3,,1.3,59.4
143,措备,2020-06-28,26.1,21.4,32,,2.2,59.1
143,措备,2020-06-29,22.1,19.8,26.8,42.2,3.1,82
143,措备,2020-06-30,23.5,19.3,28.2,5.9,3.2,72.6
143,措备,2020-07-01,22.2,19.1,26.3,.4,2.2,69.1
143,措备,2020-07-02,23.6,18.3,28.8,,1.8,64.1
143,措备,2020-07-03,20.7,18,22.6,5.9,2.7,73.9
143,措备,2020-07-04,21.2,17.9,24.2,0,1.4,75.8
143,措备,2020-07-05,23.7,19.8,28.6,,.9,70.1
143,措备,2020-07-06,24.1,19.9,28.1,,1.3,74.6
143,措备,2020-07-07,26.5,23.1,32.4,0,1.8,70.4
143,措备,2020-07-08,26.2,22.3,31,,2.2,64.5
143,措备,2020-07-09,24.4,20.8,29.7,0,3.6,74.3
143,措备,2020-07-10,24,21,28.4,26.2,2.2,84
143,措备,2020-07-11,25.5,21.6,31.3,,2.3,71.6
143,措备,2020-07-12,20.4,18.1,21.9,27.8,3.4,82.8
143,措备,2020-07-13,19.2,18.2,21,54.5,4.1,89.3
143,措备,2020-07-14,19.6,18.4,21.5,.8,2.4,89.6
143,措备,2020-07-15,19.2,17.5,22.9,2.4,2.6,83.8
143,措备,2020-07-16,22.2,16.8,28.8,,2.1,65.8
143,措备,2020-07-17,22.7,17.3,28.8,,2.9,65.9
143,措备,2020-07-18,22.4,16.8,27.6,,2.4,71
143,措备,2020-07-19,24.3,20.5,28,0,2.9,78.4
143,措备,2020-07-20,29.1,25.9,32.8,.9,2.3,63.4
143,措备,2020-07-21,26.9,22.8,31.8,5.9,1.6,64.9
143,措备,2020-07-22,22.5,21.5,25.1,45.6,.9,94.3
143,措备,2020-07-23,21.7,21,22.5,63.1,3.5,91.8
143,措备,2020-07-24,21.3,20.2,23,11.5,2.8,91.1
143,措备,2020-07-25,21.9,20.1,24.8,13.7,1.2,93.6
143,措备,2020-07-26,25,21.3,30.2,0,1.7,75
143,措备,2020-07-27,22.6,21.3,24.6,16.9,2.9,89.9
143,措备,2020-07-28,22.3,21.3,24.2,14.6,2.7,91.8
143,措备,2020-07-29,23.1,21.6,24.7,3.9,2,94.4
143,措备,2020-07-30,23.1,21.2,25,36,1,91.8
143,措备,2020-07-31,26.1,21.9,31.5,.4,1.2,81
143,措备,2020-08-01,27.7,23.9,34.1,.1,1.1,74.9
143,措备,2020-08-02,28.6,24.6,33.4,,1.3,69.6
143,措备,2020-08-03,29.1,25.7,33,,1.6,66.3
143,措备,2020-08-04,29.3,24.9,34.4,,1.6,66.8
143,措备,2020-08-05,28.9,25.4,33,0,1.7,68.9
143,措备,2020-08-06,28.5,25.8,31.2,9.9,2,72.6
143,措备,2020-08-07,24.6,22.5,27.1,84.7,1,93.6
143,措备,2020-08-08,23.7,22.9,25,168.2,1,96.9
143,措备,2020-08-09,28.3,23.9,33.4,.5,1.9,71.6
143,措备,2020-08-10,26.1,24.2,30.6,18.1,1.7,90.1
143,措备,2020-08-11,27.6,24.3,33.2,4.8,1.2,81.8
143,措备,2020-08-12,28.7,24.7,33.7,,1.1,79.4
143,措备,2020-08-13,30.3,25.8,35.4,,1.7,68.1
143,措备,2020-08-14,31.2,25.6,35.6,,2.3,64.3
143,措备,2020-08-15,31.4,27.1,36.1,,2.1,60.9
143,措备,2020-08-16,30.4,25.9,35.9,,1.5,64
143,措备,2020-08-17,29.6,25.3,34.2,,1.7,66.5
143,措备,2020-08-18,30,24.8,35.9,,1.5,63.3
143,措备,2020-08-19,30.5,24.8,36,,2.1,59.4
143,措备,2020-08-20,29.6,24.4,36.3,,1.7,60
143,措备,2020-08-21,27.2,23.8,33.8,,2.9,71.8
143,措备,2020-08-22,26.9,23.8,31.2,,3,69.8
143,措备,2020-08-23,28.2,24,33.5,0,1.5,66.4
143,措备,2020-08-24,28.5,23.6,33.9,,1.6,67.8
143,措备,2020-08-25,29.9,23.7,36.3,,1.6,65.1
143,措备,2020-08-26,29.4,27,33.5,,4,67.8
143,措备,2020-08-27,28.4,25.7,33.3,7.1,2.8,74.1
143,措备,2020-08-28,28.8,26,32.9,0,1.7,73
143,措备,2020-08-29,29.8,26.3,33.9,.5,1.4,65.4
143,措备,2020-08-30,28.6,25,34.9,28.8,2,70.9
143,措备,2020-08-31,25.4,23.8,27.4,,3.1,73.4
143,措备,2020-09-01,25.6,22.9,29.4,0,2.5,72.6
143,措备,2020-09-02,26.1,23.9,28.3,44.7,3.4,84.8
143,措备,2020-09-03,27,23.8,30.8,44.8,5.6,57.8
143,措备,2020-09-04,24.1,18.3,30.4,,1.3,62
143,措备,2020-09-05,19.9,17.3,23.1,4,1.9,85.3
143,措备,2020-09-06,19.5,17.6,20.7,18.3,1.3,93.4
143,措备,2020-09-07,23.4,18.8,25.6,34.4,4.3,72.4
143,措备,2020-09-08,25.4,22.1,30.3,0,2.8,62
143,措备,2020-09-09,23.9,21.1,28.1,1.2,1.6,70.9
143,措备,2020-09-10,23.3,19.3,28.1,1.6,1.2,72.6
143,措备,2020-09-11,21.7,18.8,26.5,3.3,2.4,81.8
143,措备,2020-09-12,19.9,18.3,21.9,3.8,1.3,90.9
143,措备,2020-09-13,20.9,18.1,26,,1.7,76.1
143,措备,2020-09-14,22.5,18,28.6,,1.6,71
143,措备,2020-09-15,22.9,18.3,28.9,,1.7,71.5
143,措备,2020-09-16,21.7,19.8,23.7,1.3,1.4,85.8
143,措备,2020-09-17,21.5,18.3,25,1.7,.9,87
143,措备,2020-09-18,20.5,16,25.6,1.9,1.6,71.1
143,措备,2020-09-19,20.5,12.7,27.4,,1.7,63.1
143,措备,2020-09-20,19.7,13.6,26.3,,2.2,59.8
143,措备,2020-09-21,18,12,24.4,,1.7,69.3
143,措备,2020-09-22,17.5,14.2,22.9,,2.1,76.4
143,措备,2020-09-23,18.7,14.3,22.9,,2,69.8
143,措备,2020-09-24,19.6,16.1,23.9,0,2,70.4
143,措备,2020-09-25,19.7,14.8,25.6,,1.5,70.4
143,措备,2020-09-26,19.4,14.6,25,0,1.5,70.4
143,措备,2020-09-27,18.8,14.8,24.3,,1.9,68.6
143,措备,2020-09-28,17.6,11.7,24.1,,2,72.9
143,措备,2020-09-29,18.3,11.8,26.1,,1.2,67.8
143,措备,2020-09-30,18.6,13.1,25,,1.8,70.4
143,措备,2020-10-01,18.4,12.8,24.9,,2,74.1
143,措备,2020-10-02,20.7,14.4,26.6,,1.4,71.4
143,措备,2020-10-03,21.5,17.6,27.3,1,1.1,75
143,措备,2020-10-04,20.3,17,23.1,.1,2,71.6
143,措备,2020-10-05,15.8,11,20.1,,3.9,43.5
143,措备,2020-10-06,16.2,9.5,22.4,,1.7,54.5
143,措备,2020-10-07,17.1,12.3,22.1,,2.7,66.3
143,措备,2020-10-08,18.3,15.6,21.3,,4.2,54.6
143,措备,2020-10-09,18.6,16.5,21.5,,3.8,56
143,措备,2020-10-10,18.1,14.6,23.7,,2,62.5
143,措备,2020-10-11,16.5,12.1,21.5,,1.1,71.5
143,措备,2020-10-12,17.5,12.4,23.5,,1.6,72
143,措备,2020-10-13,16,11.2,21.8,,2.5,53
143,措备,2020-10-14,13.7,7.9,21.4,,1.6,64.5
143,措备,2020-10-15,14.5,7.6,21.1,,1.7,55.3
143,措备,2020-10-16,13.4,8.7,17,,.9,72.9
143,措备,2020-10-17,14.5,8.3,21,,1.4,70.4
143,措备,2020-10-18,14.1,7.8,21.8,,1.4,63.9
143,措备,2020-10-19,14.2,7.1,22.4,,1.2,69
143,措备,2020-10-20,14.7,8.1,22.9,,1.7,71.9
143,措备,2020-10-21,13.7,9.2,18.3,12,1,86.9
143,措备,2020-10-22,15,11.9,18.9,,2.2,75.9
143,措备,2020-10-23,11.7,8.3,16.7,,4,45.4
143,措备,2020-10-24,11.3,5.8,16.7,,3.9,41.3
143,措备,2020-10-25,14,6.4,20.8,,2.5,53.5
143,措备,2020-10-26,13.4,6.2,21.6,,1.1,61.6
143,措备,2020-10-27,13.4,6.1,21.6,,.9,65.8
143,措备,2020-10-28,16.1,11.4,21.3,,2.2,50.8
143,措备,2020-10-29,12,5.3,19.2,,1.2,53.6
143,措备,2020-10-30,11.7,5.4,18.7,,1.9,70.1
143,措备,2020-10-31,11.4,5.4,18.1,,1.1,69
143,措备,2020-11-01,12.1,9.6,13.6,3.1,.8,86.6
143,措备,2020-11-02,13,6.9,18.2,,1.6,62.6
143,措备,2020-11-03,7.5,4.3,11.4,,4,46.4
143,措备,2020-11-04,6.7,2.2,12.7,,3.1,39.4
143,措备,2020-11-05,8.7,-.8,16.9,,.9,49.4
143,措备,2020-11-06,12.1,9.2,14.6,,.8,56.9
143,措备,2020-11-07,14.4,7.3,22.3,,1.9,58.9
143,措备,2020-11-08,11.2,6.3,17.8,,3,39.4
143,措备,2020-11-09,8.2,4.1,12.8,,3.3,34.1
143,措备,2020-11-10,9.4,3.8,15.1,,1.8,42.5
143,措备,2020-11-11,8.2,1.1,16.5,,1.1,52
143,措备,2020-11-12,9.4,1.7,18.8,,1.1,59.3
143,措备,2020-11-13,10.9,3.1,19.7,,1.1,57.3
143,措备,2020-11-14,11.3,4.1,19,,1.8,71.6
143,措备,2020-11-15,10.9,4.9,18.9,,1,76.6
143,措备,2020-11-16,12.3,5,20.3,,1.7,70.1
143,措备,2020-11-17,14.7,9.1,20.4,.4,1.1,75.3
143,措备,2020-11-18,18.9,12.8,23.4,0,2.1,74.6
143,措备,2020-11-19,19.4,12.8,25.3,19,3,78
143,措备,2020-11-20,9.4,5.2,12.9,,4.1,62.8
143,措备,2020-11-21,7.1,1.4,11.9,,1.6,72.4
143,措备,2020-11-22,9.2,7.5,11.9,1.4,2.7,74.4
143,措备,2020-11-23,5.9,2.7,10.5,,3,49.1
143,措备,2020-11-24,5.6,.9,12.9,,1.2,58.4
143,措备,2020-11-25,7.2,.9,12.6,,2.4,53.5
143,措备,2020-11-26,8.8,4.9,13.3,,1.8,63.8
143,措备,2020-11-27,8.2,3.8,11.9,0,3.6,55.1
143,措备,2020-11-28,3.6,1.4,7.6,,3.1,44.9
143,措备,2020-11-29,3.8,-.8,8.2,,3.2,53.6
143,措备,2020-11-30,3.8,.8,8.2,,3.1,47.9
143,措备,2020-12-01,3,-3.1,9.8,,1.6,46.6
143,措备,2020-12-02,4.1,-1.9,10.3,,1.3,47.6
143,措备,2020-12-03,4.6,1.8,8.7,,3.2,40.3
143,措备,2020-12-04,2.7,-2.5,7.6,,2.9,42.4
143,措备,2020-12-05,3.3,-1.5,8.4,,2.2,60.3
143,措备,2020-12-06,4.1,-1.3,10.5,,1.5,65.6
143,措备,2020-12-07,4.5,-1.8,11.3,,2,64.4
143,措备,2020-12-08,2.5,-1.4,6.8,,2.5,48
143,措备,2020-12-09,1.9,-4.9,9.7,,1.2,48.3
143,措备,2020-12-10,5.9,1.4,12.2,,1.2,54.9
143,措备,2020-12-11,6.8,2,11.4,,1.2,62.5
143,措备,2020-12-12,5.8,.8,9.4,,3,43.6
143,措备,2020-12-13,2.5,-1.9,10.5,0,2.4,53.9
143,措备,2020-12-14,-3.2,-5.6,-.5,,4.4,33.5
143,措备,2020-12-15,-4.4,-7.4,-.4,,4.4,36
143,措备,2020-12-16,-3.6,-5.8,-.2,,4.5,40.9
143,措备,2020-12-17,-1.9,-5.7,2.4,,3.2,43
143,措备,2020-12-18,.5,-4.9,7.2,,2.5,49.5
143,措备,2020-12-19,-1.4,-4.3,2.5,,3.7,34.3
143,措备,2020-12-20,-.2,-4.7,4.5,,2.7,43.4
143,措备,2020-12-21,.5,-4.5,5.9,,1.9,58
143,措备,2020-12-22,1.8,-4.4,8.9,,1.6,64.4
143,措备,2020-12-23,2,-3.6,8.7,,1,68.3
143,措备,2020-12-24,4.5,-.5,11.1,,2.9,55
143,措备,2020-12-25,1.4,-2.9,5.4,,3.7,50.5
143,措备,2020-12-26,1.7,-4.6,9.1,,.8,61.4
143,措备,2020-12-27,2.4,-2.1,6.8,1.3,1,79.5
143,措备,2020-12-28,3.8,.4,12.6,,.8,87.4
143,措备,2020-12-29,3.2,-1.6,11.9,1.3,2.1,81.5
143,措备,2020-12-30,-5.6,-8.6,.9,.2,6.2,50.5
143,措备,2020-12-31,-5.1,-10.3,-.6,,3.8,50.4
143,措备,2021-01-01,-1.8,-5.7,2.6,0,1.9,66.4
143,措备,2021-01-02,-.9,-3.7,2.1,0,3.1,50.9
143,措备,2021-01-03,-1.3,-4.1,2.1,,4,42.5
143,措备,2021-01-04,-.3,-5.8,5.5,,1.4,51.8
143,措备,2021-01-05,-1.1,-5.1,2.6,,3.2,47.9
143,措备,2021-01-06,-4,-7.5,.4,,2.7,47.6
143,措备,2021-01-07,-8.7,-12.4,-1.2,.2,5.3,40.3
143,措备,2021-01-08,-10.4,-13.6,-5.8,,4.6,41.3
143,措备,2021-01-09,-8,-11.4,-3.1,,4.2,45.1
143,措备,2021-01-10,-4.7,-10.8,1.2,,2.3,51.4
143,措备,2021-01-11,-4.2,-8.5,-.8,,1.2,62.8
143,措备,2021-01-12,-1.5,-8.8,4.3,,1.3,60
143,措备,2021-01-13,3.6,-5.2,11.7,,1.4,57
143,措备,2021-01-14,4.4,-2.3,12.9,,1.2,51.1
143,措备,2021-01-15,8.3,.6,16.1,,2,55.6
143,措备,2021-01-16,1.7,-3.3,8.3,,3.9,47.8
143,措备,2021-01-17,-2.8,-5.6,1.1,,3.4,42.5
143,措备,2021-01-18,-1.9,-6.6,4.4,0,2.4,60
143,措备,2021-01-19,-2.6,-6.9,3.4,,1.7,43
143,措备,2021-01-20,-.8,-8.5,8.6,,.9,53.3
143,措备,2021-01-21,4.5,-3.8,11.5,1,.7,71.8
143,措备,2021-01-22,8.2,5.2,10.7,.3,1,94
143,措备,2021-01-23,9.3,7.4,11.8,.1,3.3,86.3
143,措备,2021-01-24,8,6.5,10.3,0,1.6,78
143,措备,2021-01-25,7.4,3,12,,2.2,78
143,措备,2021-01-26,6.1,4.3,7.7,10.3,1.6,92.5
143,措备,2021-01-27,5.8,2.9,10.4,,2.7,58
143,措备,2021-01-28,1.2,-4.7,11.1,0,4.1,67
143,措备,2021-01-29,-4.4,-7.8,-.2,,5.6,46.9
143,措备,2021-01-30,.9,-7.4,9,,2.1,55.6
143,措备,2021-01-31,4.5,-4.3,12.1,,1.2,62.5
143,措备,2021-02-01,7.1,3.9,10.1,9.5,1.4,90.3
143,措备,2021-02-02,-.4,-3.2,7.1,,5.1,43.4
143,措备,2021-02-03,-1,-5.3,4.8,,2.4,48.1
143,措备,2021-02-04,1.4,-2.8,5.8,0,3.1,51.4
143,措备,2021-02-05,1.5,-5.4,7.9,,1.1,54.5
143,措备,2021-02-06,5.2,-2.9,14.5,,1.1,62
143,措备,2021-02-07,6.6,-.2,14,,2.2,62.4
143,措备,2021-02-08,.4,-2.3,4.4,,4.6,42.5
143,措备,2021-02-09,1.6,-3.4,7.7,,3.5,42
143,措备,2021-02-10,3.9,-2.8,10.9,,1.9,56.1
143,措备,2021-02-11,5.8,-.9,12,,1.2,65
143,措备,2021-02-12,7.7,1.1,16.6,,1,60.6
143,措备,2021-02-13,8.6,-.9,19.1,,1,55.6
143,措备,2021-02-14,7.7,3.4,12.8,4.3,1,82.8
143,措备,2021-02-15,5.9,-1.6,11.3,1.2,4.4,67.4
143,措备,2021-02-16,-.1,-3.6,6.1,0,4.1,55.5
143,措备,2021-02-17,-4.8,-6.4,-2.4,,6.6,47.5
143,措备,2021-02-18,-4.4,-8.5,.2,0,3.9,58.8
143,措备,2021-02-19,4.3,-4,12.9,,2.9,48.6
143,措备,2021-02-20,11.3,3.7,20.4,,2.5,54.4
143,措备,2021-02-21,14.3,4,24.4,,2.3,54
143,措备,2021-02-22,13.7,6.8,22.8,,2.5,50.3
143,措备,2021-02-23,5.9,1.3,11.5,,3.2,33.5
143,措备,2021-02-24,5.5,1.1,12.7,,2,53.3
143,措备,2021-02-25,5,.6,9.8,3.1,1.1,89.4
143,措备,2021-02-26,8.3,5,12,,3.2,74.5
143,措备,2021-02-27,6.7,4.4,8.9,,4.7,69.3
143,措备,2021-02-28,7.4,1.7,13,1.1,1.1,84.4
143,措备,2021-03-01,8.9,3.4,16.1,35.5,3,99.8
143,措备,2021-03-02,2.6,0,6.2,9.6,1.7,88.9
143,措备,2021-03-03,4.1,-1.5,9.5,,1.2,77.8
143,措备,2021-03-04,5.9,.8,11.5,.9,.9,90.4
143,措备,2021-03-05,10.6,4.3,19,,1.3,74.8
143,措备,2021-03-06,6.2,3.7,9.5,,4,82.3
143,措备,2021-03-07,5.5,3.5,8.8,,2.2,77.3
143,措备,2021-03-08,6.3,-.6,14,,2.7,77.5
143,措备,2021-03-09,9,2.2,15.1,,2,64.8
143,措备,2021-03-10,8.8,2.6,14.1,,3.5,57.6
143,措备,2021-03-11,10,1.5,18.2,,1.1,63.6
143,措备,2021-03-12,9,7.6,11.6,19.5,1.2,93.4
143,措备,2021-03-13,9.8,3.5,16,,1.5,77.1
143,措备,2021-03-14,10.5,4.6,17.2,,1.7,72.8
143,措备,2021-03-15,12.5,3.9,19.7,,1.6,68.5
143,措备,2021-03-16,14.9,10.6,20.1,,3.2,54.1
143,措备,2021-03-17,10.5,3.5,17.8,,2.6,61.9
143,措备,2021-03-18,10.4,5.2,16.6,,3.6,75.6
143,措备,2021-03-19,11.2,8.6,15.4,,4.2,68.1
143,措备,2021-03-20,9.9,8.3,10.9,5.3,2.3,92.1
143,措备,2021-03-21,8.8,5.1,11.7,,5.3,61.5
143,措备,2021-03-22,7.9,3.3,13,,4.7,46.6
143,措备,2021-03-23,11.4,1.7,20.2,,2.2,49.4
143,措备,2021-03-24,11.5,4.3,18.2,,1,54.9
143,措备,2021-03-25,14.1,5.7,22.3,,1.6,54
143,措备,2021-03-26,15.3,6.7,23.9,,1.6,52.6
143,措备,2021-03-27,12.7,6.5,17.1,18.4,2.2,84.8
143,措备,2021-03-28,15.8,11.7,20.2,6,3.1,72.9
143,措备,2021-03-29,15.1,10.9,19.5,,3.1,51
143,措备,2021-03-30,14.6,10.5,21.3,,2.6,39.5
143,措备,2021-03-31,13.6,4.7,23.1,,2.1,58.6
143,措备,2021-04-01,13.5,9.2,17.7,,5.2,63.1
143,措备,2021-04-02,14.7,12.2,18.7,,4.5,69
143,措备,2021-04-03,14.5,11.8,18.5,16.2,2.3,91.1
143,措备,2021-04-04,9.7,7,13.8,19.3,3.7,86.6
143,措备,2021-04-05,9.9,2.7,16.2,,2.3,63.9
143,措备,2021-04-06,13.2,3.8,21.4,,2.3,57
143,措备,2021-04-07,17.1,10.6,23,,2.2,42.8
143,措备,2021-04-08,14.6,9.2,21.9,,2,54.1
143,措备,2021-04-09,9.2,5.5,15,,3.5,75.6
143,措备,2021-04-10,10.6,2.5,18.5,,2.3,63.8
143,措备,2021-04-11,13.6,4.3,21.9,,1.9,56.9
143,措备,2021-04-12,11.8,9.2,14.5,7.4,2,85.1
143,措备,2021-04-13,15.1,8.1,20,0,3.5,70.3
143,措备,2021-04-14,11.1,5.8,17.2,,3.8,49.9
143,措备,2021-04-15,11.9,4.4,18.7,,1.5,52.6
143,措备,2021-04-16,13.7,5.7,21.1,,1.6,67.4
143,措备,2021-04-17,13.5,9,19.3,,3.5,52.6
143,措备,2021-04-18,12.6,7.9,17.5,,3.9,51
143,措备,2021-04-19,16.6,8.2,24,,3.5,43
143,措备,2021-04-20,18.9,13.5,26.5,,3,44
143,措备,2021-04-21,19.9,10.1,29.5,,1.6,55
143,措备,2021-04-22,20.2,15,28.3,,3,51.5
143,措备,2021-04-23,15.8,13.6,18,0,4.4,64
143,措备,2021-04-24,16.7,12.8,23.3,,3.3,62.9
143,措备,2021-04-25,14.4,10.7,18.8,,4.3,63.3
143,措备,2021-04-26,13.6,6.3,21.1,,2.3,63.1
143,措备,2021-04-27,15.8,8.1,22.2,,1.5,58.5
143,措备,2021-04-28,18.1,11.6,23.9,,1.9,56.5
143,措备,2021-04-29,18.3,13.5,24.7,0,2.5,52.6
143,措备,2021-04-30,16.9,12.6,22.2,.1,4.1,57.5
143,措备,2021-05-01,12.1,9.4,15.6,3.7,3.9,77.3
143,措备,2021-05-02,13.6,8.4,19.9,.5,3.2,68
143,措备,2021-05-03,16.5,7.6,24.7,,1.8,64.1
143,措备,2021-05-04,17,12.5,20.9,8.9,1.6,85
143,措备,2021-05-05,18.5,13.6,23.5,1.2,4.1,53.6
143,措备,2021-05-06,16.9,7.1,25.7,,1.3,52.1
143,措备,2021-05-07,18.1,11.5,25.6,,2.4,43.5
143,措备,2021-05-08,18.1,7.7,26.1,,2.9,36.9
143,措备,2021-05-09,19,12.6,25,,3.9,30.3
143,措备,2021-05-10,13.8,12.1,16.2,1.8,1.3,66.5
143,措备,2021-05-11,15.1,12.3,18.2,1.3,3.1,69.4
143,措备,2021-05-12,17.3,13.4,22.5,,4.3,58.6
143,措备,2021-05-13,20.4,11.1,30.3,,2.2,53.1
143,措备,2021-05-14,22,14.1,30.4,,2.4,59.3
143,措备,2021-05-15,19.9,17.4,22.6,8.7,1.7,85.6
143,措备,2021-05-16,20.1,13.7,23.7,24.7,2.1,92.9
143,措备,2021-05-17,14.4,13.4,16,11.4,3.6,93.4
143,措备,2021-05-18,17.7,13.5,23.5,.1,1.3,81
143,措备,2021-05-19,22.5,15.8,29.4,,1.5,57.4
143,措备,2021-05-20,16.3,14.7,20,12.2,2.6,85.1
143,措备,2021-05-21,17.6,14.7,21.5,0,2.7,69.6
143,措备,2021-05-22,21,13.7,27.5,,2.8,57.6
143,措备,2021-05-23,23.6,14.8,30.8,,1.5,52.5
143,措备,2021-05-24,22.3,18,27.5,.7,2.4,49.8
143,措备,2021-05-25,18,13.1,23.7,0,3.1,43.5
143,措备,2021-05-26,18,11.2,24.3,,1.3,44.3
143,措备,2021-05-27,18.9,15,25.5,,2.5,55.9
143,措备,2021-05-28,16.7,10.7,28.8,13.8,1.8,71.6
143,措备,2021-05-29,20.4,14.9,26.3,,2.8,49.4
143,措备,2021-05-30,20.6,13.3,28.5,,1.7,56.5
143,措备,2021-05-31,20.7,15.5,28.9,1.9,2.2,67.1
143,措备,2021-06-01,22.8,15.9,29.7,,2.1,57.6
143,措备,2021-06-02,23.8,18.2,30.2,,1.4,51.9
143,措备,2021-06-03,18.7,16.7,19.9,17.5,1.7,88.4
143,措备,2021-06-04,21.3,17.1,27,3.8,2.7,53.9
143,措备,2021-06-05,23.1,13.7,30.4,,2.1,51.8
143,措备,2021-06-06,23.9,18.2,30.4,.2,1.3,62.1
143,措备,2021-06-07,25.3,18.4,31.4,,1.3,56.3
143,措备,2021-06-08,25.4,20.5,33.2,,1.8,54
143,措备,2021-06-09,25.3,19.9,32.7,,2.6,50.5
143,措备,2021-06-10,24.2,19.1,30.5,0,2.6,57.1
143,措备,2021-06-11,22.1,20.1,25.5,5.5,1.4,84.8
143,措备,2021-06-12,24.1,20.6,28,,2.4,74.8
143,措备,2021-06-13,25.4,21.6,31.7,.1,2.2,69
143,措备,2021-06-14,23.9,21.1,28,,2.9,69.4
143,措备,2021-06-15,21.4,19.7,23.9,3,2.9,76
143,措备,2021-06-16,20.4,17.9,23,.5,3.5,73.5
143,措备,2021-06-17,20,18.3,23.4,.1,2.5,70.6
143,措备,2021-06-18,22.3,17.9,26.7,3,1.3,73.6
143,措备,2021-06-19,25.3,19.6,31.3,,1.8,51.1
143,措备,2021-06-20,25.9,18.1,33.9,,2,47.1
143,措备,2021-06-21,23.9,19.4,31.6,,3.1,50.9
143,措备,2021-06-22,20.7,17.7,26.5,3.5,3.4,67.3
143,措备,2021-06-23,20.4,17.6,24.4,.2,3.4,68.9
143,措备,2021-06-24,23,18.9,28.5,,1.8,62
143,措备,2021-06-25,23.5,18.6,29.8,14.7,1.5,70.6
143,措备,2021-06-26,22.8,20.1,27.2,2,1.3,72.9
143,措备,2021-06-27,24,19.1,29.9,,3.3,63
143,措备,2021-06-28,23.9,21.3,28,,3.2,64.3
143,措备,2021-06-29,24.6,20.3,30,1,1.9,64
143,措备,2021-06-30,24.4,21.7,29.6,0,2.3,67
143,措备,2021-07-01,25.1,19.6,32.4,,2.9,57.4
143,措备,2021-07-02,24,20.3,28.8,,3.8,69
143,措备,2021-07-03,22.7,21.4,24.8,22.1,3.9,78.8
143,措备,2021-07-04,27.8,21.8,32.4,4.6,2.9,64.4
143,措备,2021-07-05,23.8,20.6,27.2,16.8,1.7,74.3
143,措备,2021-07-06,22.6,20.6,25.8,18.2,1.2,90.3
143,措备,2021-07-07,24.2,22.6,26.2,39.7,.7,95
143,措备,2021-07-08,24.9,22.5,29.6,14.9,2,80.1
143,措备,2021-07-09,24.7,22.1,29.1,15.7,2,84
143,措备,2021-07-10,25.6,21.6,32.6,2.6,1.4,76.8
143,措备,2021-07-11,25.7,21.1,33.8,3.5,1.6,74.5
143,措备,2021-07-12,27.3,22.2,34.1,5.4,1.2,70.6
143,措备,2021-07-13,28.7,22.8,34.3,,1.1,64.8
143,措备,2021-07-14,29.9,24.7,35.3,,1.1,60.5
143,措备,2021-07-15,27.5,23.6,33.9,3.6,1.8,70.9
143,措备,2021-07-16,27.1,23.3,31.9,,2.6,67.9
143,措备,2021-07-17,26.7,23.4,30.4,0,2.8,65.5
143,措备,2021-07-18,26.7,22.9,31.9,.3,2.1,68
143,措备,2021-07-19,27.2,23.8,31.6,.5,1.3,69
143,措备,2021-07-20,28.8,24.8,33.9,0,2,61.5
143,措备,2021-07-21,27.5,23.4,32.5,,2.9,64
143,措备,2021-07-22,28,24.3,32.3,,3.2,62.4
143,措备,2021-07-23,27.8,23.7,32.8,,2.6,65.9
143,措备,2021-07-24,28.1,24.3,33.2,,3,64.5
143,措备,2021-07-25,28,23.7,32.9,,2.4,68.4
143,措备,2021-07-26,28.5,23.4,33.9,,2.6,58.9
143,措备,2021-07-27,28.1,23.3,34.4,,2.6,62
143,措备,2021-07-28,28.2,23.1,34.2,,2.3,62.8
143,措备,2021-07-29,29.5,23.4,35.2,0,1.5,58.4
143,措备,2021-07-30,30.6,25.3,35.9,,1.3,53.5
143,措备,2021-07-31,29.9,25.3,37.2,5.4,1.5,62.9
143,措备,2021-08-01,28.1,25,35.1,26.2,1.4,78.6
143,措备,2021-08-02,27.7,25,32.9,0,1.3,80.4
143,措备,2021-08-03,29,24.7,33.5,0,1.3,69.3
143,措备,2021-08-04,30.1,25,35.5,,1.1,65.1
143,措备,2021-08-05,30.8,25.1,36.9,,1.4,62.9
143,措备,2021-08-06,30.2,25,36.8,,1.8,61.8
143,措备,2021-08-07,29.1,23.1,37,13.2,1.6,68.1
143,措备,2021-08-08,25.4,23.2,29,1.2,1.8,82.8
143,措备,2021-08-09,27.4,23.1,33,.3,2.5,58.5
143,措备,2021-08-10,23.5,21,27.8,13.6,2.4,80.6
143,措备,2021-08-11,25.6,21.9,32.5,8.9,1.4,76.1
143,措备,2021-08-12,26.1,21.6,30.9,0,2.4,71.3
143,措备,2021-08-13,25.7,23.4,30.2,0,2.3,69.4
143,措备,2021-08-14,23.3,21.7,26.6,13.6,1.4,79.6
143,措备,2021-08-15,23.5,20.9,28.2,.8,1.7,74
143,措备,2021-08-16,23.5,20.8,27.5,0,2.2,68.4
143,措备,2021-08-17,23.6,21.7,26.9,.2,1.5,70.3
143,措备,2021-08-18,23.1,21.2,26.1,1.3,1.8,76.3
143,措备,2021-08-19,24.3,21.6,28.3,1,1.3,67.6
143,措备,2021-08-20,25,19.7,31.9,,1.8,67.6
143,措备,2021-08-21,23.1,21.9,25.8,30.9,2.3,88.3
143,措备,2021-08-22,26.1,22.1,31.5,,1.4,70.6
143,措备,2021-08-23,23.1,21.2,24.9,26.3,1.6,87.8
143,措备,2021-08-24,24.4,21.5,29.2,69,1.6,87
143,措备,2021-08-25,25.3,22.9,27.7,7.7,1.1,85.6
143,措备,2021-08-26,27.4,22.9,34.4,6,1.2,64.6
143,措备,2021-08-27,23.7,21.5,28.7,13.7,1.2,84.3
143,措备,2021-08-28,25.6,20.9,31.9,,1.4,61.8
143,措备,2021-08-29,23.6,21.3,26.6,7,1.3,78
143,措备,2021-08-30,25.2,22,30.6,.2,1.2,68.4
143,措备,2021-08-31,24.4,21.5,29.1,15.2,1.9,74
143,措备,2021-09-01,21.9,20,28.2,40.7,2.4,90.8
143,措备,2021-09-02,21.8,20.1,24.7,1.2,2.5,77.1
143,措备,2021-09-03,20.5,19.3,22.7,3.8,1.4,86.5
143,措备,2021-09-04,22.4,18.8,26.8,,2,66.4
143,措备,2021-09-05,21.8,19.3,25.1,.4,1.7,68.5
143,措备,2021-09-06,21.8,19.4,25.6,4.8,2.3,78.3
143,措备,2021-09-07,22.2,19.9,25.5,0,1.2,86
143,措备,2021-09-08,23.7,20.1,28.8,,1.7,68.8
143,措备,2021-09-09,23.7,18.7,29.6,,.9,67.1
143,措备,2021-09-10,22.6,20.2,26.3,,.9,75.5
143,措备,2021-09-11,23.8,18.5,30.9,,1,65.4
143,措备,2021-09-12,24.3,18.2,30.8,,2,65.3
143,措备,2021-09-13,23.1,20.9,25.8,,3.4,66.3
143,措备,2021-09-14,22.5,20.8,24.5,,3.5,68.9
143,措备,2021-09-15,22.7,19.3,26.7,,3.9,61.6
143,措备,2021-09-16,22.2,16.9,25.8,0,2.9,71.6
143,措备,2021-09-17,20.5,18.1,22.6,4.1,2.5,82.5
143,措备,2021-09-18,21.5,16.9,26.6,,1.6,79.1
143,措备,2021-09-19,21.7,17.2,27.1,,2.1,76.3
143,措备,2021-09-20,21.7,16.6,26.3,,2.6,79.1
143,措备,2021-09-21,22.9,20,26.5,9,1.5,90.6
143,措备,2021-09-22,24.1,18.2,29.6,,2.2,67.4
143,措备,2021-09-23,21.6,17.6,26.6,,2.2,63.6
143,措备,2021-09-24,19.7,15.1,25.8,,1.9,82.1
143,措备,2021-09-25,20.6,17.5,23.6,1.2,1.7,84.8
143,措备,2021-09-26,20.5,17.9,24.9,,2,74.1
143,措备,2021-09-27,20.4,17.8,24.8,,1.8,73.1
143,措备,2021-09-28,21.8,19,26,,2,75.8
143,措备,2021-09-29,22.4,19.8,27.3,11.3,1.2,93.9
143,措备,2021-09-30,21.9,18.1,27,7.6,2,82
143,措备,2021-10-01,21.6,15.4,28.9,,1.1,77.8
143,措备,2021-10-02,22.3,17.4,29.1,,1.3,71.3
143,措备,2021-10-03,22.4,16,30.9,,1.3,71
143,措备,2021-10-04,24.3,16.6,31.5,,1.3,67.8
143,措备,2021-10-05,24,19.7,30.1,,1.7,74.5
143,措备,2021-10-06,22.1,19.7,26.5,,2.5,80.4
143,措备,2021-10-07,23.3,18.4,28.6,,1.3,73.8
143,措备,2021-10-08,22.2,20.9,25.3,0,2.7,79.8
143,措备,2021-10-09,23.4,20.6,28.9,,1.8,81.8
143,措备,2021-10-10,25.1,20,31.8,.2,1.4,75.1
143,措备,2021-10-11,17.8,15.4,25.1,23.1,2,88.4
143,措备,2021-10-12,15.9,14.7,17.3,10.6,1.9,91
143,措备,2021-10-13,18.2,14.7,21.7,.6,1.5,80.9
143,措备,2021-10-14,19.6,14.6,26,,1.2,81.5
143,措备,2021-10-15,19.2,16.2,24,10.5,1.3,81.3
143,措备,2021-10-16,14.3,8.1,17.4,12.8,3.3,64.4
143,措备,2021-10-17,7.9,3.7,13.8,,2.7,45.4
143,措备,2021-10-18,9.2,2,17.6,,1,59.6
143,措备,2021-10-19,11.6,6.8,18.2,,2,65.8
143,措备,2021-10-20,10.7,5.1,17.4,,1,68.8
143,措备,2021-10-21,11.4,6,16.9,,1.2,79
143,措备,2021-10-22,11.8,6.2,18,0,1.9,65.6
143,措备,2021-10-23,11.7,5.5,19.3,,1,68.1
143,措备,2021-10-24,11.8,5.2,19.9,,.9,70.8
143,措备,2021-10-25,12.4,7,20.4,,1.1,67.9
143,措备,2021-10-26,12,5,20.2,,1,67
143,措备,2021-10-27,14.1,9.5,21.4,,1.3,61.6
143,措备,2021-10-28,13.9,5.7,20.6,,1.8,57.6
143,措备,2021-10-29,12.8,7.3,18.9,,1.7,70.5
143,措备,2021-10-30,11.8,7.6,17.8,,.7,79.3
143,措备,2021-10-31,12.8,6.4,21.6,,.9,70.1
143,措备,2021-11-01,14.3,7.7,20.1,,1.5,64.3
143,措备,2021-11-02,13,7.6,18.6,,1.7,64.5
143,措备,2021-11-03,12.2,6.2,19.3,,1.4,67.6
143,措备,2021-11-04,12.3,6.4,20.5,,1.1,64.6
143,措备,2021-11-05,12.5,5.4,19.5,,1.4,73.5
143,措备,2021-11-06,13,7.1,20.8,,1.7,72.1
143,措备,2021-11-07,14.2,8.8,20.1,,1.9,71.3
143,措备,2021-11-08,10.9,8.2,17.4,26.8,2.9,76.9
143,措备,2021-11-09,9,6.5,12.5,0,2.7,61.5
143,措备,2021-11-10,8.1,5.9,11.6,.4,3.1,68.3
143,措备,2021-11-11,8.7,6.7,12.8,0,3.5,55.1
143,措备,2021-11-12,7.4,5.6,10.4,,3.8,55.8
143,措备,2021-11-13,7.8,1.5,15.1,,1.1,70
143,措备,2021-11-14,9.6,3,17.7,,.9,72.3
143,措备,2021-11-15,9.7,4.2,17.4,,1,65.9
143,措备,2021-11-16,9.3,3.3,17.1,,1.3,61
143,措备,2021-11-17,9.6,1.9,15.8,,1.4,53.6
143,措备,2021-11-18,10.5,4.4,18.1,,.9,62.6
143,措备,2021-11-19,11,3.6,18.8,,1.2,72.5
143,措备,2021-11-20,10.7,5.1,18.9,,.9,76.6
143,措备,2021-11-21,11.4,6.4,16.9,,.9,77.4
143,措备,2021-11-22,7.4,3.5,12.1,.4,4.6,57.4
143,措备,2021-11-23,4.4,1.3,7.7,,4.4,51.4
143,措备,2021-11-24,7.7,3.8,12.9,,3.1,48
143,措备,2021-11-25,9,1.9,16.2,,2,53.9
143,措备,2021-11-26,7.2,3.6,12,,3.1,43.3
143,措备,2021-11-27,5.9,1.4,11.4,,1.5,49.9
143,措备,2021-11-28,5.2,-2.2,13.1,,1,60.1
143,措备,2021-11-29,7.2,-.8,16.1,,.9,53.1
143,措备,2021-11-30,5.7,3,10.6,15.5,2.3,78.1
143,措备,2021-12-01,2.4,-.5,4.8,,6.3,39.6
143,措备,2021-12-02,2.6,-1.1,7.6,,2.3,53.6
143,措备,2021-12-03,4.8,1.2,10.3,0,2.9,54.4
143,措备,2021-12-04,4.2,.9,8.7,,3.1,52
143,措备,2021-12-05,3.7,-2.2,11.6,,.8,72.8
143,措备,2021-12-06,5.1,-.5,12.5,,.7,78.4
143,措备,2021-12-07,7.5,1.1,14.7,,1.2,67.4
143,措备,2021-12-08,6.6,.9,13.4,,.9,72.8
143,措备,2021-12-09,6.5,.4,12.6,,.9,79
143,措备,2021-12-10,8,2.8,13.4,,1.1,80.1
143,措备,2021-12-11,8.9,3.4,13.1,,1.5,71.4
143,措备,2021-12-12,6.6,-.2,11.2,,4.1,52.9
143,措备,2021-12-13,.5,-3.7,5.8,,3.5,31
143,措备,2021-12-14,3.7,-2.8,8.9,,2,53
143,措备,2021-12-15,6.1,-.8,14.9,,1,68.6
143,措备,2021-12-16,6.3,2.5,10.3,.1,.9,80
143,措备,2021-12-17,.5,-6,7.8,,6.3,42.9
143,措备,2021-12-18,-3.4,-8.7,2.6,,2.6,38.6
143,措备,2021-12-19,1.2,-3.8,6,0,3,52.8
143,措备,2021-12-20,4.8,-3,12.7,,1.5,58.5
143,措备,2021-12-21,6.3,-.6,14.2,,1,67.5
143,措备,2021-12-22,4.3,-1.5,12.3,,1.1,54.9
143,措备,2021-12-23,3.3,-2.9,11.1,,1,52.6
143,措备,2021-12-24,4.2,-.9,10.9,,2,59.6
143,措备,2021-12-25,-4.7,-8.2,1.6,,5.1,38.6
143,措备,2021-12-26,-7.1,-10.8,-3.1,,4.6,39
143,措备,2021-12-27,-2.1,-7.9,2.3,,3.7,46.6
143,措备,2021-12-28,2.1,-3.4,7.4,,1.2,67.6
143,措备,2021-12-29,3.5,-2.6,10,,2,61.9
143,措备,2021-12-30,1.1,-1.9,4.9,0,4.9,45.4
143,措备,2021-12-31,-2.5,-4.9,1.6,,4.6,33.5
143,措备,2022-01-01,-2.3,-8.8,5.6,,1.6,36
143,措备,2022-01-02,.6,-6,7.7,,1.7,47.3
143,措备,2022-01-03,-.2,-6.5,6.9,,1.6,50.1
143,措备,2022-01-04,1.9,-2.5,7.6,,2,39.4
143,措备,2022-01-05,.6,-5.6,5,,.8,43.9
143,措备,2022-01-06,2.9,-2.3,7.9,,2.3,38.5
143,措备,2022-01-07,.1,-6.6,8.6,,1.1,42.8
143,措备,2022-01-08,1.4,-6.3,8.9,,1.7,43.4
143,措备,2022-01-09,2,-2.2,8.7,,.9,65.9
143,措备,2022-01-10,3,-4.5,9.9,,1.4,61.8
143,措备,2022-01-11,-.9,-5.5,4.7,0,5,44.9
143,措备,2022-01-12,-3.2,-7.6,1.8,,3.6,42.1
143,措备,2022-01-13,-2.8,-4.8,1,0,5,42.3
143,措备,2022-01-14,-2.6,-6.7,4.2,,2.6,35.3
143,措备,2022-01-15,1,-4.7,8.4,,1.3,43.3
143,措备,2022-01-16,1.9,-2.2,8.2,0,2.8,47.6
143,措备,2022-01-17,-.4,-4.1,4.7,,4.2,49.1
143,措备,2022-01-18,-2.5,-6.1,2.8,,2.9,32.3
143,措备,2022-01-19,-.7,-7.8,5.6,0,2.1,47.6
143,措备,2022-01-20,-1.1,-5.3,5.1,,2,46.3
143,措备,2022-01-21,-1,-8.3,6.8,,1,51.3
143,措备,2022-01-22,2.3,-5.8,10.1,,1.1,63.1
143,措备,2022-01-23,6.4,1.5,12.8,,1.5,62.3
143,措备,2022-01-24,4.9,2.2,6.9,,2.7,61
143,措备,2022-01-25,4.5,1.2,7.5,0,1.3,66.6
143,措备,2022-01-26,3.8,.8,8.2,,2.6,55.4
143,措备,2022-01-27,3.2,-2.1,9.7,,1.9,45.6
143,措备,2022-01-28,2.3,-.3,6.7,,3.2,32.5
143,措备,2022-01-29,1,-1.7,5.5,,3.4,34.3
143,措备,2022-01-30,1.1,-4.2,6.5,,2.6,34.5
143,措备,2022-01-31,1.3,-5.3,7.8,,2.1,33.5
143,措备,2022-02-01,1.9,-2.8,5.4,,3.8,50.3
143,措备,2022-02-02,.7,-2.1,5.6,,3.3,45.1
143,措备,2022-02-03,.4,-3.8,5.4,,2.7,41.6
143,措备,2022-02-04,-.6,-3.4,4.2,,4.4,43.9
143,措备,2022-02-05,-3,-6.4,1.1,,5.6,45.4
143,措备,2022-02-06,-1.1,-5,3.5,,4.4,43.6
143,措备,2022-02-07,.2,-3.6,3.6,,3,37.5
143,措备,2022-02-08,1.5,-3.7,7.1,,2.1,43.8
143,措备,2022-02-09,2.6,-5.7,9.4,,1,50.8
143,措备,2022-02-10,5.3,1.2,10.7,,1.9,41.1
143,措备,2022-02-11,3.5,-3.6,11.8,,1.3,43
143,措备,2022-02-12,4.8,-2,12.7,,2.1,53
143,措备,2022-02-13,5.4,-.7,11.6,,1.9,73.3
143,措备,2022-02-14,7.3,2.5,13,,1.8,59.9
143,措备,2022-02-15,.4,-4.3,6.6,,5.1,46.5
143,措备,2022-02-16,-3.6,-5.8,.8,,5,44.5
143,措备,2022-02-17,-4.3,-8.4,1.5,,3.1,37.1
143,措备,2022-02-18,-.8,-9.3,8.1,,1.1,42.9
143,措备,2022-02-19,2.4,-.2,7.1,,2.3,49
143,措备,2022-02-20,-2.2,-5.2,2,0,4.5,36.1
143,措备,2022-02-21,1.2,-5,7.4,,3.4,43.4
143,措备,2022-02-22,-.4,-3.3,3.9,0,4.4,38.5
143,措备,2022-02-23,-2.3,-6.3,2.8,,3.5,32
143,措备,2022-02-24,.5,-5.1,6.7,,3.7,30.6
143,措备,2022-02-25,5,-2,11.7,,2.9,41.9
143,措备,2022-02-26,6.8,-1.9,14.7,.1,2.5,52.5
143,措备,2022-02-27,6.3,1.7,12.6,0,3.5,32.4
143,措备,2022-02-28,7,-2.5,15.1,,1.2,34.3
143,措备,2022-03-01,9.9,4.9,16.3,0,2.5,51.9
143,措备,2022-03-02,6.2,1.3,12.3,,3.7,41.5
143,措备,2022-03-03,7.7,-.2,15.2,,1.8,39.4
143,措备,2022-03-04,8.8,-.6,17.3,,1.8,50.4
143,措备,2022-03-05,6.9,1.5,12.2,,5.3,30.9
143,措备,2022-03-06,4,0,10.2,,3.5,30.3
143,措备,2022-03-07,5.2,-2.2,12.7,,1.6,37
143,措备,2022-03-08,8.1,-1.1,15.8,,1.3,36.4
143,措备,2022-03-09,9.1,.5,17.5,,1.6,49.9
143,措备,2022-03-10,10.5,2.2,18.3,,1.4,59.6
143,措备,2022-03-11,12.5,5.2,18.9,,1.3,57.6
143,措备,2022-03-12,14.7,7.1,21.5,,1.8,67.6
143,措备,2022-03-13,15.1,10.3,18.5,2.1,1.5,87.1
143,措备,2022-03-14,10.8,8.9,13.9,,3.9,84.9
143,措备,2022-03-15,11.7,6,19.3,,1.8,53.6
143,措备,2022-03-16,14.4,5.1,23,,1.5,45.3
143,措备,2022-03-17,8.8,6.3,13.6,6.1,4.6,84.1
143,措备,2022-03-18,6.1,4.3,8.1,8.5,4.2,83.4
143,措备,2022-03-19,4.9,3,8.1,4.2,1.8,83.8
143,措备,2022-03-20,6.6,2,11,,1.6,69.8
143,措备,2022-03-21,8.3,2.2,13.8,,2,53.1
143,措备,2022-03-22,8.7,5.5,14.2,,3,48.8
143,措备,2022-03-23,6.8,2.6,11.1,0,1.7,66.6
143,措备,2022-03-24,9.1,1.4,17,,1.1,60.6
143,措备,2022-03-25,13.5,6.1,20.1,1.6,1.9,67.6
143,措备,2022-03-26,14.7,12.3,20.4,11.7,3.8,80.9
143,措备,2022-03-27,13.1,7.3,20.7,,3.7,39.3
143,措备,2022-03-28,9,3,14.9,,2.2,45.5
143,措备,2022-03-29,10.8,1.8,19.8,,1.3,51.6
143,措备,2022-03-30,14.8,5.7,23.3,,1.7,57
143,措备,2022-03-31,10.5,6.7,13.4,.1,4.8,74
143,措备,2022-04-01,8.8,3.7,13.7,.3,2.1,64.4
143,措备,2022-04-02,10.2,1.2,17.3,,1.5,50
143,措备,2022-04-03,11.3,3.4,19.3,,1.7,50.9
143,措备,2022-04-04,13.2,4.7,21,,1.4,49.6
143,措备,2022-04-05,14.4,5.7,21.5,,2,35.3
143,措备,2022-04-06,16,10,23.5,,2.2,35.6
143,措备,2022-04-07,14.4,8.8,20.5,2.4,2.7,49.3
143,措备,2022-04-08,15.7,6,24.3,,1.6,41.4
143,措备,2022-04-09,18.6,9.4,28.5,,1.7,48.5
143,措备,2022-04-10,19.5,11.4,27.5,,1.6,50.6
143,措备,2022-04-11,20.3,13.6,27.9,,1.7,66.3
143,措备,2022-04-12,22.5,15.4,30.2,,1.4,64.5
143,措备,2022-04-13,12.2,9.6,21.3,,5.4,80.1
143,措备,2022-04-14,10.9,9.2,13.2,0,3.7,72.4
143,措备,2022-04-15,12.1,8.9,19.1,,3.2,59.8
143,措备,2022-04-16,13.5,4.3,21,,1.9,45.3
143,措备,2022-04-17,15.6,7.1,23,,1.8,36.9
143,措备,2022-04-18,18.1,10.9,24.3,,2,33.3
143,措备,2022-04-19,18.4,9.5,25.7,,2.2,31.4
143,措备,2022-04-20,18.2,8.8,26.6,,1.6,35.5
143,措备,2022-04-21,14.3,11,19.7,.2,1.1,60.3
143,措备,2022-04-22,19,8.9,28.5,,2.1,64
143,措备,2022-04-23,19.1,14.9,25.9,,2.6,58.9
143,措备,2022-04-24,22,12.5,29.9,,1.8,52.4
143,措备,2022-04-25,21.7,14.5,29.3,2.5,1.7,58.4
143,措备,2022-04-26,18.3,15.8,20.6,20.3,1.6,94.4
143,措备,2022-04-27,17.2,12.6,20.3,,3.7,59.6
143,措备,2022-04-28,15.7,10.4,22.5,,3.7,67
143,措备,2022-04-29,11.3,9.3,13.8,12.8,2.6,80.6
143,措备,2022-04-30,14.5,9.9,19.7,,2.1,60.4
143,措备,2022-05-01,15.2,10.2,20.3,,3.2,39.4
143,措备,2022-05-02,13.1,7.4,20.7,1.2,2.1,55.8
143,措备,2022-05-03,15.2,6.5,23.5,,1.5,59.6
143,措备,2022-05-04,19,9.8,28.3,,1.7,49
143,措备,2022-05-05,20,11.9,29.1,,1.5,51.5
143,措备,2022-05-06,21.2,12.2,28.7,,1.5,58.3
143,措备,2022-05-07,18.9,13.6,26,,3.7,66.5
143,措备,2022-05-08,16.4,12.8,22.1,,3.7,59.9
143,措备,2022-05-09,16.2,12.3,21.9,.4,3,55.5
143,措备,2022-05-10,16.5,10.3,23.5,,2.9,56.3
143,措备,2022-05-11,20.7,14.3,26.8,0,1.7,57.4
143,措备,2022-05-12,20.2,15.9,24.6,,3.1,63.1
143,措备,2022-05-13,15.7,13.3,19.3,2.6,3,86.4
143,措备,2022-05-14,17.9,11.1,24.6,,3.1,50
143,措备,2022-05-15,17.1,12.8,23.2,,2.4,42.1
143,措备,2022-05-16,18.5,9.7,25.5,,2,38.5
143,措备,2022-05-17,20.4,10.8,28.2,,1.5,42.3
143,措备,2022-05-18,23.3,13,31.1,,2.1,42.8
143,措备,2022-05-19,23,16.2,29.5,,2,36.9
143,措备,2022-05-20,22.8,17.1,28.6,,1.9,43.3
143,措备,2022-05-21,23.7,17.9,29.7,,3.1,51.5
143,措备,2022-05-22,24.8,18.6,32.7,,3.7,45.6
143,措备,2022-05-23,24.3,15.4,32.3,,2.1,53.9
143,措备,2022-05-24,26.4,19.3,33.2,,2,45.5
143,措备,2022-05-25,25.5,18.8,33.2,,1.8,54.9
143,措备,2022-05-26,22.9,18.7,27.5,,3.4,41.6
143,措备,2022-05-27,23.8,16.4,29.5,,4.1,37.3
143,措备,2022-05-28,24.9,15.2,33,,1.9,39
143,措备,2022-05-29,24.9,16.2,33,,1.7,40.5
143,措备,2022-05-30,24.3,20.5,29.6,0,2.1,53.8
143,措备,2022-05-31,24.7,18.6,31.1,,2.9,39.4
143,措备,2022-06-01,24.7,18.7,33.1,,1.7,39.6
143,措备,2022-06-02,26.1,17.5,33.5,,2.3,44.5
143,措备,2022-06-03,23.5,18.7,30.4,,3.9,61.5
143,措备,2022-06-04,22.1,17.9,28.8,,3.7,67
143,措备,2022-06-05,18,17,19.3,32.2,2.7,92.5
143,措备,2022-06-06,18.7,15.9,23.1,.8,1.9,84.6
143,措备,2022-06-07,16.5,13.9,21.1,1.1,2.9,85.1
143,措备,2022-06-08,17.5,14.5,22.3,0,2.5,77.8
143,措备,2022-06-09,20.4,13.3,28.2,,2,70.5
143,措备,2022-06-10,22.7,15.2,29.7,,1.5,67.1
143,措备,2022-06-11,21.4,18.4,26.1,,3.4,74
143,措备,2022-06-12,20.7,16.4,25.8,,3.2,73.1
143,措备,2022-06-13,19.9,17.2,24,,4.2,75.6
143,措备,2022-06-14,16.9,15.9,19.2,3.1,2.7,92.4
143,措备,2022-06-15,19.7,15.5,25.3,3.7,1,88.6
143,措备,2022-06-16,23.2,16.8,28.9,,1.8,69.6
143,措备,2022-06-17,25.9,17.4,34.2,,1.5,63.9
143,措备,2022-06-18,27.9,22.2,34.3,,2.1,65.3
143,措备,2022-06-19,28.9,23.8,34.5,,2.2,63.1
143,措备,2022-06-20,28.6,23.6,35.6,2.2,1.9,69.8
143,措备,2022-06-21,27.8,22.2,34.1,,2.3,72.6
143,措备,2022-06-22,29.9,23.6,37.1,,1.6,65
143,措备,2022-06-23,27.9,23.4,31.6,.2,2,72.8
143,措备,2022-06-24,28.1,23.1,32.9,32.4,3.1,70
143,措备,2022-06-25,28.2,22.8,34.4,,2.4,67
143,措备,2022-06-26,28.4,24.4,32.8,,1.7,72.1
143,措备,2022-06-27,27.3,25.4,30.1,5.4,1.8,86.3
143,措备,2022-06-28,28.9,24.8,32.3,.7,2.6,71.3
143,措备,2022-06-29,29.5,27.7,33.7,0,2.4,68.5
143,措备,2022-06-30,29.8,26.5,34.8,,1.9,68
143,措备,2022-07-01,29.8,24,36.2,,1.4,68.6
143,措备,2022-07-02,29.9,22.5,36.8,,2,63.9
143,措备,2022-07-03,29.3,25.3,35.1,1,1.6,69.6
143,措备,2022-07-04,28.8,25.8,32.8,0,1.4,72.5
143,措备,2022-07-05,28.8,24.6,33,0,1.8,72.1
143,措备,2022-07-06,28.5,25.3,33.8,2.9,2.3,81.4
143,措备,2022-07-07,29.7,25.1,35.3,,2.2,74.3
143,措备,2022-07-08,28.5,26,33.6,17.2,1.3,84.6
143,措备,2022-07-09,28.7,24.3,33.8,,2.3,71.3
143,措备,2022-07-10,28.1,24.1,33.4,,2.7,76.5
143,措备,2022-07-11,26.4,23.9,29.7,9.5,1.4,86.6
143,措备,2022-07-12,25.6,23.6,29.4,,3.8,75.3
143,措备,2022-07-13,24.4,22.5,27.7,15.2,2.2,85.6
143,措备,2022-07-14,28.2,23.1,33.6,,1.7,77.5
143,措备,2022-07-15,28.3,23.3,33.2,,1.9,64.5
143,措备,2022-07-16,26.8,21.4,34,,1.9,71
143,措备,2022-07-17,27.3,21.5,33,,1.9,68.6
143,措备,2022-07-18,22.9,21.6,27.2,34,1.5,95.6
143,措备,2022-07-19,27.6,22.6,34.1,.2,1.5,74.4
143,措备,2022-07-20,29.4,25.4,34.1,,2.2,62.5
143,措备,2022-07-21,26,21.8,32.3,5,2.8,80.9
143,措备,2022-07-22,25.8,22.6,29.7,,2.9,71.6
143,措备,2022-07-23,24.9,22.1,28.6,0,2.1,82
143,措备,2022-07-24,27.4,22.3,32,1.1,2.2,77.6
143,措备,2022-07-25,28.8,24.9,35.5,,2.1,72.6
143,措备,2022-07-26,26.9,23.1,34,,2.9,79.4
143,措备,2022-07-27,25.6,22,29.9,,3.3,79.5
143,措备,2022-07-28,26.2,24.2,29.6,0,2.9,85.5
143,措备,2022-07-29,28.7,24.5,33.9,,3.3,77.8
143,措备,2022-07-30,27.8,25.9,30.3,0,4,83.9
143,措备,2022-07-31,27.1,25.3,29.5,2.7,2.5,92
143,措备,2022-08-01,29.4,26.8,31.2,0,2.2,76.6
143,措备,2022-08-02,27.9,25.7,32.6,4.7,1,91.8
143,措备,2022-08-03,30.6,26.3,37.1,.5,2.1,78.8
143,措备,2022-08-04,30.7,27.4,35.3,0,2.4,75.9
143,措备,2022-08-05,30.8,26.5,35.2,,1.9,75
143,措备,2022-08-06,31.6,26.6,36.8,,1.7,72
143,措备,2022-08-07,31.5,27.7,37.8,,1.8,71.9
143,措备,2022-08-08,30.5,27.1,34.6,,2.1,69.8
143,措备,2022-08-09,29.8,27.1,32.9,0,1.7,69.8
143,措备,2022-08-10,28.2,26.5,31,.3,1.2,80.1
143,措备,2022-08-11,26.5,25.2,29.5,4.1,.9,90.9
143,措备,2022-08-12,29.7,25.3,35.6,3.2,1.6,77.1
143,措备,2022-08-13,26.4,24.6,34,6.6,1.5,92.4
143,措备,2022-08-14,29.8,25.1,34.8,0,1.6,80.1
143,措备,2022-08-15,30.9,27.1,35.4,0,1.9,69.6
143,措备,2022-08-16,25.7,22.9,30.1,39.8,1.1,94.9
143,措备,2022-08-17,25.7,22.7,29.7,22.8,2.2,89.4
143,措备,2022-08-18,26.8,22.3,32.3,,1.2,77.3
143,措备,2022-08-19,28.2,22.6,33.7,,1.5,80.5
143,措备,2022-08-20,26.4,23.9,28.6,10.3,1.6,95.1
143,措备,2022-08-21,26,22.5,31.1,,3.2,75.3
143,措备,2022-08-22,26.8,18.9,32.9,,1.4,75.6
143,措备,2022-08-23,25.4,21.5,28.8,6.8,1.5,89.9
143,措备,2022-08-24,21.5,19.8,22.6,4.6,2.7,94.4
143,措备,2022-08-25,24.5,18.8,30.8,.1,1.4,78.6
143,措备,2022-08-26,25.1,21.5,30.2,0,2.2,64.6
143,措备,2022-08-27,23.2,18.3,28.2,,1.7,68
143,措备,2022-08-28,21.4,16.2,27.5,,2.4,72.1
143,措备,2022-08-29,21.5,17.5,24.9,0,1.1,81.4
143,措备,2022-08-30,20.9,19.4,24.1,26.2,1.5,92.3
143,措备,2022-08-31,21.3,20.5,22.7,13.3,1.2,95.6
143,措备,2022-09-01,21.6,18.5,25.2,,1.5,88.4
143,措备,2022-09-02,21.5,18.8,24.2,.3,1.9,91.1
143,措备,2022-09-03,22.2,20.4,24.3,.1,3.1,91.9
143,措备,2022-09-04,25.4,20.9,29.9,.4,2.7,89.5
143,措备,2022-09-05,24.9,22,27.9,31.7,2.6,96
143,措备,2022-09-06,22.6,19.1,26.4,81.1,4.2,81
143,措备,2022-09-07,22.4,15.8,29.1,,1.5,69.1
143,措备,2022-09-08,21.7,15.1,28.5,,2.2,73
143,措备,2022-09-09,21.5,17,27.7,,2.6,76.6
143,措备,2022-09-10,21,18.6,24.2,,1.9,81.4
143,措备,2022-09-11,22.7,18.1,27.6,,2.4,80.4
143,措备,2022-09-12,21.7,18.9,24.7,.3,1.4,91.5
143,措备,2022-09-13,23.7,21.1,27.7,0,3.2,77.9
143,措备,2022-09-14,23.4,20.5,27.2,0,4.1,77
143,措备,2022-09-15,23.5,21.3,26.8,,4.6,78.8
143,措备,2022-09-16,24.7,21.8,29,,2.9,84.9
143,措备,2022-09-17,26.2,22.7,33.2,.3,1.5,84.9
143,措备,2022-09-18,26.6,23,30.5,0,2.2,83.1
143,措备,2022-09-19,25.1,18.8,29.8,0,3.1,72.9
143,措备,2022-09-20,19.2,15.6,22.9,,3.2,69.1
143,措备,2022-09-21,17.2,12,22.8,,2.3,75.3
143,措备,2022-09-22,18.6,11.6,25.1,,1.7,78.6
143,措备,2022-09-23,20.8,16.2,27.8,,2.6,70.4
143,措备,2022-09-24,19.2,15.4,24.7,,2.6,59.5
143,措备,2022-09-25,18.6,14.5,22.9,,1.2,77.8
143,措备,2022-09-26,18.5,15.5,21.9,,.9,88
143,措备,2022-09-27,20.3,16.6,26.4,,2.1,81.8
143,措备,2022-09-28,19.4,14.8,26.2,,.9,81.3
143,措备,2022-09-29,20.8,13.7,29.3,,.9,72.8
143,措备,2022-09-30,21.6,14.1,31.2,,.9,68.1
143,措备,2022-10-01,21.6,13.4,31,,1.2,62.8
143,措备,2022-10-02,22.2,15,29.6,,1.7,69.1
143,措备,2022-10-03,24.9,20.3,29.7,3.9,1.3,82.4
143,措备,2022-10-04,21.5,15.3,27.2,18,2.9,88.6
143,措备,2022-10-05,17,15.1,20.7,,3.3,81.4
143,措备,2022-10-06,18.2,15.3,23.3,.3,1.4,81.8
143,措备,2022-10-07,16.6,12.8,20,0,2.8,74.6
143,措备,2022-10-08,14.9,9.4,20.9,,2.4,75.6
143,措备,2022-10-09,14.4,12,16.4,3.1,1.3,88.8
143,措备,2022-10-10,13.7,11.2,17.3,0,4.9,64.3
143,措备,2022-10-11,13.6,9.8,19,,3.4,67.9
143,措备,2022-10-12,14,6.6,21.4,,1.8,79.1
143,措备,2022-10-13,16.1,10.7,22.4,,1.9,77.8
143,措备,2022-10-14,16.1,9.8,22.7,,1.9,81.4
143,措备,2022-10-15,17.8,12.3,24.2,,2.1,80.8
143,措备,2022-10-16,19.2,11.9,25.7,,1.4,74.5
143,措备,2022-10-17,16,10.4,20.6,,3.8,55.3
143,措备,2022-10-18,11.7,7.7,16.9,,3.1,52.3
143,措备,2022-10-19,10.8,4,17.9,,2.1,56.9
143,措备,2022-10-20,12,3.2,21.4,,.9,62.4
143,措备,2022-10-21,14.5,7.1,20.1,,1.1,63.5
143,措备,2022-10-22,16.6,11.9,23.3,.3,1.5,64.9
143,措备,2022-10-23,15.3,10.7,21.4,,2,72.4
143,措备,2022-10-24,12.3,7.9,16.5,,2.5,58.3
143,措备,2022-10-25,11.2,5.1,18.1,,1.6,69.6
143,措备,2022-10-26,12.2,4.3,20.1,,.9,73.1
143,措备,2022-10-27,14.5,9.7,21.8,,1.2,65.1
143,措备,2022-10-28,13.1,6.5,22.1,,2,77.9
143,措备,2022-10-29,13.6,8.5,19.9,,1.8,79.8
143,措备,2022-10-30,13.3,9.6,18.7,,2.1,80.4
143,措备,2022-10-31,13.1,6.9,19.5,,1.6,72.5
143,措备,2022-11-01,14.2,6.7,22,,1.5,68.4
143,措备,2022-11-02,13.1,6.4,21.4,,1.1,62.9
143,措备,2022-11-03,12.5,5.1,19.4,,2,56.4
143,措备,2022-11-04,9.3,6.1,13.7,,3.5,43.4
143,措备,2022-11-05,9.1,4.6,15.7,,2.4,37.3
143,措备,2022-11-06,8.9,1.3,16.9,,1,60.6
143,措备,2022-11-07,9.7,1.9,18.6,,1,62.4
143,措备,2022-11-08,10.9,3.6,19.7,,1.1,65.4
143,措备,2022-11-09,11.7,3.8,19.7,,1.1,65.3
143,措备,2022-11-10,13.3,5.3,21.9,,1.2,62.3
143,措备,2022-11-11,14,6.9,21.3,,1.2,74.3
143,措备,2022-11-12,17,8.8,24.3,.1,1.2,78.6
143,措备,2022-11-13,15.9,12,20.7,16.3,3,76.6
143,措备,2022-11-14,11.6,9.2,14.9,,1.5,68.5
143,措备,2022-11-15,10,6.4,15.3,,2.6,62
143,措备,2022-11-16,10.3,5.9,15.8,.4,1.5,69.3
143,措备,2022-11-17,9.4,4.6,17.1,,.9,64.6
143,措备,2022-11-18,9.6,1.6,19,,.9,64.4
143,措备,2022-11-19,11.2,3.6,18.9,,1.6,74.4
143,措备,2022-11-20,12.8,8.5,18.6,,.8,78.8
143,措备,2022-11-21,12.5,6.6,19.8,,.8,75.8
143,措备,2022-11-22,12.5,9.8,15.9,.4,.9,77.1
143,措备,2022-11-23,13,8,18.2,.7,2.2,75
143,措备,2022-11-24,8.7,4.8,15.8,,.8,65.1
143,措备,2022-11-25,9.2,1.1,17,,1.1,69.9
143,措备,2022-11-26,10.9,6,17.3,,2.3,53.8
143,措备,2022-11-27,7.7,.4,14.9,,.8,46.1
143,措备,2022-11-28,10.5,4.5,15.9,11,1.1,73.9
143,措备,2022-11-29,12.3,6.5,15.2,17.7,3.6,71.6
143,措备,2022-11-30,-.4,-3.2,6.5,,5.2,41
143,措备,2022-12-01,-1,-3.8,2.6,,3.4,39.1
143,措备,2022-12-02,.3,-2.8,5.1,,2.3,52.8
143,措备,2022-12-03,4.4,-3.2,10.7,,1.5,64.5
143,措备,2022-12-04,3.1,.8,6.7,,3.6,38.1
143,措备,2022-12-05,1.2,-1,4.8,,3.3,33.5
143,措备,2022-12-06,1.9,-3.7,7.8,,1.6,57.8
143,措备,2022-12-07,4.4,-.7,9.9,,1.7,65.3
143,措备,2022-12-08,4.5,-1.6,11.8,,1,68.3
143,措备,2022-12-09,4.4,-2.5,12.8,,.9,76.5
143,措备,2022-12-10,4.7,-1.7,9.5,0,1.4,71.1
143,措备,2022-12-11,4.8,.2,10.3,,2,58.1
143,措备,2022-12-12,4.1,.2,8.7,1.1,1.3,77.1
143,措备,2022-12-13,5.2,1,8.9,0,3.7,69.5
143,措备,2022-12-14,-3.9,-6.1,2.1,0,4.2,66.3
143,措备,2022-12-15,-.1,-7.7,6.5,,1.4,67.5
143,措备,2022-12-16,.2,-1.8,4,,3.5,45.3
143,措备,2022-12-17,-2.5,-5.4,.6,0,3,55.5
143,措备,2022-12-18,-5.6,-8.8,-2.2,,3.5,59.6
143,措备,2022-12-19,-3.7,-9.1,2.8,,1.8,65.6
143,措备,2022-12-20,-.8,-7.1,5.6,,1.2,68.3
143,措备,2022-12-21,.3,-2.5,2.8,2.5,1.1,92.8
143,措备,2022-12-22,-2.5,-6.9,2,0,4.4,70.4
143,措备,2022-12-23,-5.7,-7.7,-2.3,,5.4,60.1
143,措备,2022-12-24,-4.8,-9.3,1.2,,2.4,63.3
143,措备,2022-12-25,-1.6,-8.1,4.3,,2.4,65.6
143,措备,2022-12-26,-1.1,-7.4,4.8,,1.8,65.8
143,措备,2022-12-27,0,-7.2,6.6,,1.7,62.3
143,措备,2022-12-28,1,-2,5.1,,2.6,68.4
143,措备,2022-12-29,-.3,-3.3,4.3,,3,63.9
143,措备,2022-12-30,.2,-3.9,4.4,,1.5,72
143,措备,2022-12-31,1.2,-1.8,4.9,,3.2,66.5
143,措备,2023-01-01,1.7,-3.9,7.1,,2.6,61
143,措备,2023-01-02,.4,-1.9,4.2,,3.7,40
143,措备,2023-01-03,-.3,-3.5,4.6,,3.5,49
143,措备,2023-01-04,1.1,-3.5,6.5,,2.7,56
143,措备,2023-01-05,.6,-5.2,7.3,,1.3,70.8
143,措备,2023-01-06,1.8,-3.4,9.2,0,1.1,68.9
143,措备,2023-01-07,3.2,-.9,7.9,0,2.4,70.5
143,措备,2023-01-08,2.4,-3.9,9.9,,1,66.1
143,措备,2023-01-09,3.2,-2.8,11.7,,1.3,70.1
143,措备,2023-01-10,2.8,-4.1,10.8,,.7,71.5
143,措备,2023-01-11,4.2,-2.6,12.8,,1.1,67.5
143,措备,2023-01-12,6,-2.8,14.9,0,.9,56.9
143,措备,2023-01-13,11,5.1,15.5,10.1,1,97.9
143,措备,2023-01-14,9,6.1,12.4,0,3.1,97.6
143,措备,2023-01-15,3.9,-.3,6.4,1.4,2.6,92.4
143,措备,2023-01-16,-.7,-3.3,3.2,,3.6,67.1
143,措备,2023-01-17,-.3,-4.5,3.4,,2.7,56.9
143,措备,2023-01-18,.6,-3.6,4.9,,1.7,72.3
143,措备,2023-01-19,.5,-5.1,6.5,,1.1,72.8
143,措备,2023-01-20,.4,-3.5,4.6,,3.5,56.3
143,措备,2023-01-21,-2.1,-7.5,3.9,,2.1,50.8
143,措备,2023-01-22,-.5,-5.3,4.6,,.8,59
143,措备,2023-01-23,2.9,-4.1,9.5,,2,63.1
143,措备,2023-01-24,-8.3,-12,1.6,,6.1,50.6
143,措备,2023-01-25,-8.9,-14.2,-2.8,,3.4,45.8
143,措备,2023-01-26,-4.1,-11.7,2.2,0,1.4,57.8
143,措备,2023-01-27,-3,-6.5,.3,0,4.9,40.4
143,措备,2023-01-28,-3.6,-8.3,1.1,,3.9,40
143,措备,2023-01-29,.8,-6,6.4,0,2.4,50.9
143,措备,2023-01-30,1.3,-3.2,5.8,,3.4,31.9
143,措备,2023-01-31,1.7,-6.4,11.3,,1.1,39
143,措备,2023-02-01,3.8,-1.4,13.6,,2.7,43.8
143,措备,2023-02-02,1.3,-2,6.6,,2.1,39
143,措备,2023-02-03,2.4,-2.4,8.7,,1.9,32.4
143,措备,2023-02-04,1.6,-1.9,7.2,,3.2,41.4
143,措备,2023-02-05,1.6,-5.2,10.2,,1.3,46
143,措备,2023-02-06,4.2,-4.7,13.5,,1,40.6
143,措备,2023-02-07,5.3,-2,13.5,,1.7,57.3
143,措备,2023-02-08,4.9,-1.7,11.7,,2,51.3
143,措备,2023-02-09,3.9,-2.8,9.5,.4,2.7,57
143,措备,2023-02-10,4.6,.9,7.8,10.3,2.2,80.8
143,措备,2023-02-11,3.6,-1.8,10.6,,1.2,79.5
143,措备,2023-02-12,4.8,-.8,9.2,0,1.7,75.1
143,措备,2023-02-13,6.1,4.4,7.9,.5,2,73.5
143,措备,2023-02-14,4.6,2.1,9.9,,2.5,64
143,措备,2023-02-15,2.8,1.4,5.7,0,3.4,71
143,措备,2023-02-16,4.7,1.2,11.2,,1.7,66.3
143,措备,2023-02-17,4.4,-.6,7.8,,1,62.3
143,措备,2023-02-18,6.9,4.6,8.5,0,1.2,66.6
143,措备,2023-02-19,7.2,2.2,11.3,0,4.1,50.3
143,措备,2023-02-20,2.6,-1.3,7.4,,4,34.1
143,措备,2023-02-21,1.3,-3.3,6.8,,2.5,38.4
143,措备,2023-02-22,3.8,-4.6,11.1,,1.5,52.9
143,措备,2023-02-23,7.8,3.5,12.8,0,2.8,39.3
143,措备,2023-02-24,7.4,4.3,12.5,,3.4,34
143,措备,2023-02-25,3.8,-.2,9.2,,3.5,33.5
143,措备,2023-02-26,3.7,-4.2,12.3,,1.5,33.6
143,措备,2023-02-27,6.2,-3.5,16.9,,1.1,34.8
143,措备,2023-02-28,8.8,-.1,18.1,,1.7,40.9
143,措备,2023-03-01,8.4,5.3,14.6,,2.7,52.5
143,措备,2023-03-02,4.6,1.6,9.4,,4,22.6
143,措备,2023-03-03,7.5,1.2,15,,2.9,26.9
143,措备,2023-03-04,8,1.1,15.6,,1.8,51.1
143,措备,2023-03-05,8.9,1.1,17.2,,1.5,56.1
143,措备,2023-03-06,10.5,1.8,19.3,,1.2,43.8
143,措备,2023-03-07,13.2,3.1,23.3,,1.9,38.8
143,措备,2023-03-08,14,6.7,22.8,,1.3,40.4
143,措备,2023-03-09,16,8.3,23.6,0,2,47.5
143,措备,2023-03-10,14.9,6.7,23.8,,1.6,47.4
143,措备,2023-03-11,16.7,7.9,24.6,,1.2,44.6
143,措备,2023-03-12,9.9,2.4,19,6.7,3.3,63.5
143,措备,2023-03-13,5.2,.2,11.4,,4,29.3
143,措备,2023-03-14,9.7,2.7,18.6,,1.6,40.1
143,措备,2023-03-15,13.8,3.9,22.5,,1.9,53.6
143,措备,2023-03-16,10.5,5.9,15.4,,3.1,25.1
143,措备,2023-03-17,9.5,6.3,13.2,,2.7,45.3
143,措备,2023-03-18,11.8,7.5,17.9,,2,38
143,措备,2023-03-19,11.4,6,19.3,,2.1,31.1
143,措备,2023-03-20,12.3,2.7,20.6,,1.6,39.5
143,措备,2023-03-21,15.3,9.2,22.8,,1.9,43.1
143,措备,2023-03-22,15.9,8.8,22.3,1.3,1.5,70
143,措备,2023-03-23,15.2,14.5,16.4,19.3,1.1,95.4
143,措备,2023-03-24,12.6,9.9,15.3,,4.4,71.8
143,措备,2023-03-25,10.4,9,12.4,,3.2,65
143,措备,2023-03-26,11.7,7.6,18.4,0,1.7,
143,措备,2023-03-27,9.7,4.1,16.7,,2.3,30.1
143,措备,2023-03-28,11.4,2.3,19.4,,1.5,44.1
143,措备,2023-03-29,13.3,4.6,21.8,,1.2,45
143,措备,2023-03-30,15.6,6.2,24.1,,1.1,38
143,措备,2023-03-31,16.4,8,25.6,,1.7,36.9
143,措备,2023-04-01,15,7,23,,3.3,54.5
143,措备,2023-04-02,13.6,7.6,19.6,,3.4,58.4
143,措备,2023-04-03,13.3,6.4,19.6,,3.4,57
143,措备,2023-04-04,15.1,9.3,22.8,2,2.4,65.4
143,措备,2023-04-05,15.6,13,17.2,6.4,2.3,86.6
143,措备,2023-04-06,14,10.1,18.6,2.6,3.5,68.1
143,措备,2023-04-07,12.4,8.3,19.4,3.2,4.5,47.4
143,措备,2023-04-08,10.7,4.6,16.8,,4.4,28.8
143,措备,2023-04-09,13.7,5.1,21.7,,2.2,28.9
143,措备,2023-04-10,14.5,5.2,23.7,,1.9,41.4
143,措备,2023-04-11,17.1,8.9,23.4,0,2.2,58.1
143,措备,2023-04-12,14.9,10.6,20.2,,4.1,18.1
143,措备,2023-04-13,15.8,5.2,25.6,,1.6,25.9
143,措备,2023-04-14,15.8,9.9,20.7,.1,1.2,50.9
143,措备,2023-04-15,13.2,8.3,17,.2,1.5,79.3
143,措备,2023-04-16,12.3,6.8,18.9,0,1.8,62.3
143,措备,2023-04-17,14.3,5.2,22.6,,1.5,47.4
143,措备,2023-04-18,16.6,13.3,20.7,1.6,1.4,72.1
143,措备,2023-04-19,19.3,14.1,24.4,,2,70.5
143,措备,2023-04-20,23.1,17.5,29.6,,2.2,60.8
143,措备,2023-04-21,16.5,12.5,21.7,,4.7,48.9
143,措备,2023-04-22,13.7,9.2,18.2,,3.6,46
143,措备,2023-04-23,13.5,8.7,18.5,,3.2,52.8
143,措备,2023-04-24,13,8.9,16.3,,3.4,53.5
143,措备,2023-04-25,9.4,7.5,11.4,6,1.3,84
143,措备,2023-04-26,12.8,6.5,19.5,,2.9,57.6
143,措备,2023-04-27,14.8,4.4,24.4,,1.4,56.9
143,措备,2023-04-28,17.7,8.1,26.3,,2,54.3
143,措备,2023-04-29,16.9,11.4,21.7,8.7,2.3,78.8
143,措备,2023-04-30,16.7,9.6,23.7,,3.5,38
143,措备,2023-05-01,16.5,11.5,22.5,,3.1,39.1
143,措备,2023-05-02,17.1,6.9,25.9,,1.5,46.6
143,措备,2023-05-03,18.5,12,25.5,,1.8,50.5
143,措备,2023-05-04,18.8,15.1,22.9,.5,2.1,68
143,措备,2023-05-05,19,16.8,20.8,44.5,2.4,93.8
143,措备,2023-05-06,13.7,11.5,19.5,33.9,4,93.4
143,措备,2023-05-07,11.4,9.3,13.6,3.1,1.6,81.8
143,措备,2023-05-08,13.7,5.7,21.1,,1.6,55.9
143,措备,2023-05-09,18.5,6.9,27.2,,2,44.8
143,措备,2023-05-10,19.2,11.4,27.5,,1.9,44.3
143,措备,2023-05-11,18.1,13.4,23.8,,3.7,57.8
143,措备,2023-05-12,18.8,10.5,26.4,,1.9,48.4
143,措备,2023-05-13,19.4,16.1,24.5,,1.5,62.1
143,措备,2023-05-14,20.4,13,27.8,0,1.6,55.6
143,措备,2023-05-15,21.8,13.5,29.6,,1.7,53.3
143,措备,2023-05-16,24.6,15.8,33.6,,1.8,52
143,措备,2023-05-17,24.4,16.3,32.7,,1.7,49.5
143,措备,2023-05-18,18.6,16.2,21.4,5.9,1.7,81.6
143,措备,2023-05-19,18.3,15.3,22.3,0,2.2,78.6
143,措备,2023-05-20,20.9,12.3,28.8,,1.9,63.5
143,措备,2023-05-21,22.7,17,30.2,,2.6,55
143,措备,2023-05-22,17,12.7,20.3,.5,1.8,67
143,措备,2023-05-23,18.4,10.7,27.3,,1.9,56
143,措备,2023-05-24,19.6,12.2,26,,1.9,52.4
143,措备,2023-05-25,21.3,15.2,28.1,,2.1,46.6
143,措备,2023-05-26,22,17.6,28.2,0,1.7,49.8
143,措备,2023-05-27,23.2,19.5,26.9,.2,1.6,64.8
143,措备,2023-05-28,21.7,19.6,23.3,10.6,1.1,86.6
143,措备,2023-05-29,20.1,18.6,21.8,100.8,1.7,97.3
143,措备,2023-05-30,19.5,17.6,21.9,,2.9,81.5
143,措备,2023-05-31,20.5,16.1,25.5,,2.8,60.3
143,措备,2023-06-01,18.6,13.8,21.1,.2,1.5,77
143,措备,2023-06-02,23.7,18.5,30.3,.3,2.8,60.9
143,措备,2023-06-03,23.1,16.4,29.4,,2.5,50.1
143,措备,2023-06-04,23.9,17.5,29.9,,2.4,40.5
143,措备,2023-06-05,23.8,17.7,28.7,,2.3,48.1
143,措备,2023-06-06,24.3,19.4,30.1,,2.4,50.4
143,措备,2023-06-07,24.1,18.4,29.4,,1.7,58.1
143,措备,2023-06-08,24.1,20.1,29.3,,1.7,57.8
143,措备,2023-06-09,24.6,18.6,31,,1.9,50.4
143,措备,2023-06-10,24.5,18.6,31.5,,1.8,61
143,措备,2023-06-11,24.6,20.3,30.6,,2.4,66.5
143,措备,2023-06-12,23.3,19.2,29.1,.7,2.2,73.4
143,措备,2023-06-13,23.8,18.1,30.4,,1.6,68.1
143,措备,2023-06-14,21.2,16.7,28.7,17.5,1.8,73.8
143,措备,2023-06-15,20.9,16.2,28.7,,1.8,74
143,措备,2023-06-16,25.3,17.2,32.5,,1.5,60.9
143,措备,2023-06-17,27.6,20.4,34.2,,2.2,53.5
143,措备,2023-06-18,26.9,23.2,33.1,,2.6,52.6
143,措备,2023-06-19,24.4,20.3,30.2,,3.6,62.1
143,措备,2023-06-20,23,20.1,28.3,,3.9,66.4
143,措备,2023-06-21,21.4,18.5,23.9,4.6,1.7,89.9
143,措备,2023-06-22,24.6,20.6,29.1,0,2.3,65.8
143,措备,2023-06-23,24.8,19.6,31,,2.2,64.9
143,措备,2023-06-24,24.5,19.4,30.8,,2.8,66
143,措备,2023-06-25,24.2,19.8,30.6,2.2,1.9,73.9
143,措备,2023-06-26,24.1,20.9,27.3,33.2,1.9,89.5
143,措备,2023-06-27,27.8,23.4,33.8,48,2.6,71.3
143,措备,2023-06-28,24.5,19.7,30.2,24.7,2.3,78.4
143,措备,2023-06-29,25.4,23.6,28.7,8.3,1.4,86.1
143,措备,2023-06-30,24,22.3,25.7,39,1.5,92.4
143,措备,2023-07-01,25.8,21.6,31.3,,2.4,76.1
143,措备,2023-07-02,28.1,23.9,33.5,,1.9,69
143,措备,2023-07-03,27.1,22.5,32.5,,2.1,71.5
143,措备,2023-07-04,24.9,23.3,29,6.8,2,84.8
143,措备,2023-07-05,27.5,23.4,32.6,16.1,3,67.9
143,措备,2023-07-06,27.5,20.7,34.4,,1.2,62.3
143,措备,2023-07-07,21.9,18,25.7,43.9,1.8,86.8
143,措备,2023-07-08,23.1,19.8,27.2,0,1.7,84.5
143,措备,2023-07-09,26.6,21.8,31.2,,1.5,78
143,措备,2023-07-10,28.3,24.1,33.8,0,1.6,74.6
143,措备,2023-07-11,24.8,22.9,30,46.5,1.2,89.5
143,措备,2023-07-12,27.3,23.1,32.4,.2,1.3,79.8
143,措备,2023-07-13,26.5,25.6,27.4,2,1.3,85.9
143,措备,2023-07-14,25.6,24.4,27.8,47.7,1.4,88.9
143,措备,2023-07-15,27,24,29.9,23.7,1.7,81.3
143,措备,2023-07-16,24.4,22.8,27.8,9.7,.8,91.6
143,措备,2023-07-17,26.7,23.1,32.4,13.2,1.3,84.6
143,措备,2023-07-18,23.7,22.4,24.8,74.2,1.2,96.4
143,措备,2023-07-19,25.7,22.1,30.3,.1,2,78.5
143,措备,2023-07-20,27.6,22.9,33,,1.4,73.6
143,措备,2023-07-21,26.7,23.3,31.4,,2.3,78.5
143,措备,2023-07-22,25.4,21.5,28.1,0,2.7,77.3
143,措备,2023-07-23,27.5,25.2,30.2,.1,2.1,75.9
143,措备,2023-07-24,26.6,24.3,30.5,14.5,1.3,85.4
143,措备,2023-07-25,27.3,24.6,32.2,0,1.3,78.1
143,措备,2023-07-26,27.2,23.8,33.1,0,1.4,78.3
143,措备,2023-07-27,27.9,22.8,32.9,0,1.3,76
143,措备,2023-07-28,29.4,24.6,34.5,,1.1,71.5
143,措备,2023-07-29,30.1,24.8,35.3,,1.1,65.5
143,措备,2023-07-30,29.8,25,35.5,,1.5,65.4
143,措备,2023-07-31,29.6,24.7,34.4,,1.5,65.9
143,措备,2023-08-01,29.7,24.9,34.8,,1.9,64.8
143,措备,2023-08-02,30,23.9,34.7,,1.5,64.1
143,措备,2023-08-03,31.5,27,37.7,,1.8,62.1
143,措备,2023-08-04,30.5,26,34.7,,1.1,66
143,措备,2023-08-05,31.5,25.7,37.2,,1.5,64.3
143,措备,2023-08-06,30.4,26.4,35.6,,3,67.5
143,措备,2023-08-07,29.5,26.2,34.6,,2.9,69.6
143,措备,2023-08-08,28.4,25.5,33.2,,3.7,72.8
143,措备,2023-08-09,25.4,24.6,26.8,41,2.2,89.4
143,措备,2023-08-10,25.1,22.8,26.6,93.4,2.8,83.5
143,措备,2023-08-11,27.5,22.2,32.5,,1.9,66.8
143,措备,2023-08-12,27.1,23.6,31.4,,1.6,71.8
143,措备,2023-08-13,27.2,23.1,32.6,,2,73.4
143,措备,2023-08-14,26.8,23.6,31.5,,2.7,74.3
143,措备,2023-08-15,27.5,23,34,,2,70.8
143,措备,2023-08-16,27,23.9,33.3,3.1,2,74.6
143,措备,2023-08-17,25.9,24,28.8,0,2.8,78.6
143,措备,2023-08-18,25.7,23.6,28.8,1.6,2.2,84
143,措备,2023-08-19,27.3,24.5,31.7,.1,1.5,82
143,措备,2023-08-20,27.3,24.7,33.5,6.3,1.2,84.9
143,措备,2023-08-21,28.9,24.9,33.7,,1.5,74.4
143,措备,2023-08-22,28.8,24.5,34,,2,72.3
143,措备,2023-08-23,28.6,24.3,34,15.9,2.4,72.3
143,措备,2023-08-24,25,22.9,29.4,36.4,2.9,91.5
143,措备,2023-08-25,27.4,23.8,32.4,.7,1.9,70.5
143,措备,2023-08-26,26.6,21.5,32.8,,1.6,68.4
143,措备,2023-08-27,25.5,22.3,30.9,4.7,2.6,78.6
143,措备,2023-08-28,25.5,23,27.9,,3.4,80.5
143,措备,2023-08-29,25.7,23.2,28,3.3,2.2,88.6
143,措备,2023-08-30,24.7,22.3,25.9,54.9,1.4,95
143,措备,2023-08-31,23.3,21.2,25.7,51.4,1.5,89.8
143,措备,2023-09-01,25.8,23.1,30.2,,1.6,76.6
143,措备,2023-09-02,24.9,22.5,28.9,1.1,2.1,79.8
143,措备,2023-09-03,26.6,22.6,31.8,,1.9,76.4
143,措备,2023-09-04,26.4,22.8,30.6,0,2.7,76.8
143,措备,2023-09-05,26.1,22.4,30.6,,2.1,65.5
143,措备,2023-09-06,25.2,20.3,30.9,,1.9,69.3
143,措备,2023-09-07,23.6,18.1,28.9,,2.3,67.3
143,措备,2023-09-08,23.3,18.1,29,,1.9,67.5
143,措备,2023-09-09,23.4,17.3,29.5,,2.2,68.1
143,措备,2023-09-10,24,17.6,30.9,,2,69.8
143,措备,2023-09-11,25.6,20.3,31.4,,1.6,68.9
143,措备,2023-09-12,26.1,22.3,30.6,,1.3,74.6
143,措备,2023-09-13,24.7,22.4,28.4,4,2,84.1
143,措备,2023-09-14,22.6,21.4,24.5,6.7,2.4,89.5
143,措备,2023-09-15,22.8,21.3,24.9,11.2,1.4,92.3
143,措备,2023-09-16,23.1,22.2,24.5,25.1,1.5,94.6
143,措备,2023-09-17,24.6,21.9,27.9,13.2,1.2,87
143,措备,2023-09-18,26.1,22.7,32.8,0,1.4,76.8
143,措备,2023-09-19,25.2,21.8,29.5,0,1.6,71.4
143,措备,2023-09-20,22,20.8,24.9,36.6,2.1,89.4
143,措备,2023-09-21,19.5,18.2,21.2,3.4,2.3,91
143,措备,2023-09-22,21.1,17.8,26.5,,1.5,73.1
143,措备,2023-09-23,19.9,15.3,25.3,,2,74
143,措备,2023-09-24,20.4,15.5,25.3,,2.5,66.3
143,措备,2023-09-25,21.1,18.1,24.9,.9,2,78.4
143,措备,2023-09-26,20.8,20.1,21.7,17.9,1.3,95
143,措备,2023-09-27,23.8,21,29.2,,1.3,79.6
143,措备,2023-09-28,23.6,19.6,28.8,,2.3,69.8
143,措备,2023-09-29,21.8,16.7,26.8,,1.1,74.6
143,措备,2023-09-30,20,15.7,25.1,3.5,2.2,71.6
143,措备,2023-10-01,19.2,13.9,24.4,,2.2,59.1
143,措备,2023-10-02,17.6,11.8,24.3,,1.4,62.3
143,措备,2023-10-03,16.1,11.6,20.5,.5,1,81.6
143,措备,2023-10-04,19.1,13.7,24.8,,1.9,69.8
143,措备,2023-10-05,16.7,13.6,21.2,,3.6,38.6
143,措备,2023-10-06,16.5,10.8,23.2,,1.3,53.5
143,措备,2023-10-07,17.1,12.3,21.7,,1.9,68.5
143,措备,2023-10-08,17.3,15.2,20.5,0,1.7,70.8
143,措备,2023-10-09,18.3,15.6,22.8,1,.9,73.1
143,措备,2023-10-10,17.6,13.6,23,,1.8,69
143,措备,2023-10-11,16.2,11.1,23,,1.7,67.9
143,措备,2023-10-12,16,8.8,23.8,,1.4,66.4
143,措备,2023-10-13,17.7,12.2,23.2,,1.1,68
143,措备,2023-10-14,17.1,13,24,.2,1.3,76.3
143,措备,2023-10-15,16.6,12.8,22.4,,2.2,68.5
143,措备,2023-10-16,16,10.9,21.8,,1.7,64
143,措备,2023-10-17,15,9.7,22.6,,2,52.5
143,措备,2023-10-18,15.1,6.8,24.8,,1,63.8
143,措备,2023-10-19,16.4,10.4,22.7,.8,1.2,71
143,措备,2023-10-20,13.8,10.6,17.9,3.2,3.9,54.3
143,措备,2023-10-21,12.1,5.5,18.6,,2.5,53.3
143,措备,2023-10-22,12.6,5.3,19.7,,1.9,60.4
143,措备,2023-10-23,14.2,8.1,21.8,,1.1,70.1
143,措备,2023-10-24,14.7,8,23,,1.2,69
143,措备,2023-10-25,15.9,10,24.2,,1.2,71.4
143,措备,2023-10-26,16.2,9.8,24,,1.1,75.3
143,措备,2023-10-27,14.7,10.7,19.5,0,1.6,73.4
143,措备,2023-10-28,13.9,7.5,21,,1.6,69.9
143,措备,2023-10-29,13.7,7.4,21.8,,1.5,70.4
143,措备,2023-10-30,14.5,7.7,23.1,,1.2,70
143,措备,2023-10-31,14.9,7.5,24.8,,1.2,64.1
143,措备,2023-11-01,15.7,7.2,24.3,,.8,68.1
143,措备,2023-11-02,17.7,11.8,27.3,,.8,72.1
143,措备,2023-11-03,18.6,11.3,26.6,,1.3,65.4
143,措备,2023-11-04,18.4,14.2,23.7,.1,2.7,75.8
143,措备,2023-11-05,19.8,16.9,23.3,1.6,2.4,77.9
143,措备,2023-11-06,18.4,13,22.4,8.2,4,59.5
143,措备,2023-11-07,11.4,6.5,15.7,,4.8,41.1
143,措备,2023-11-08,9.5,2.1,19,,1.2,58.5
143,措备,2023-11-09,13.7,5.3,20.9,.1,1.2,71
143,措备,2023-11-10,10.3,5,15.4,10.9,3.7,49.9
143,措备,2023-11-11,5.9,.6,10.7,,2.4,44.8
143,措备,2023-11-12,4.8,2.5,8.8,,4,48.3
143,措备,2023-11-13,5.3,1.3,10.2,,3.4,41.1
143,措备,2023-11-14,7.3,3.4,12.5,,2.7,55.1
143,措备,2023-11-15,7.4,1.5,14.7,,1.5,63.6
143,措备,2023-11-16,5.5,2.2,9.7,9.9,1.4,85.5
143,措备,2023-11-17,6,2.6,10.7,0,3.3,59
143,措备,2023-11-18,3.4,-1.7,8,.7,5.6,57.9
143,措备,2023-11-19,8.7,.9,15,,2.5,57.3
143,措备,2023-11-20,8.5,2.6,15.7,,2.2,45.9
143,措备,2023-11-21,7.3,0,16.6,,1.1,59.1
143,措备,2023-11-22,9,2.2,18.1,,1.2,67.4
143,措备,2023-11-23,13.6,7.8,21.6,,2.7,54.1
143,措备,2023-11-24,3.9,-.2,9.4,,5.2,36.6
143,措备,2023-11-25,1.3,-2.1,7.6,,2.1,31
143,措备,2023-11-26,4.8,-2.4,10.4,0,1.1,45.3
143,措备,2023-11-27,8.2,4.6,13.9,.1,1.2,71.4
143,措备,2023-11-28,6.2,3.4,9.4,,3.5,47
143,措备,2023-11-29,5,1.8,7.9,,2.6,57
143,措备,2023-11-30,.2,-2.2,3.4,,4.1,41.8
143,措备,2023-12-01,1.2,-1.6,5.5,,4.1,47.4
143,措备,2023-12-02,3.9,-3.8,10.2,,1.8,55.5
143,措备,2023-12-03,4.5,-.9,10.5,,1.9,47.3
143,措备,2023-12-04,3.8,-3.7,12.1,,1,51.9
143,措备,2023-12-05,5.5,-.7,14.1,,.9,51.5
143,措备,2023-12-06,5.7,-1.6,11.3,.9,1.4,68.1
143,措备,2023-12-07,7.6,2.5,13.4,,2.7,40.4
143,措备,2023-12-08,9.2,-.1,19.8,,1.4,64.5
143,措备,2023-12-09,12.1,7,20,,.8,76.4
143,措备,2023-12-10,11.2,4.6,17.1,,2.6,76.6
143,措备,2023-12-11,12.4,10.1,13.8,31.2,2.3,88.6
143,措备,2023-12-12,9.2,7.4,12,.9,2.7,72
143,措备,2023-12-13,8,2.4,12.9,,1.4,76.4
143,措备,2023-12-14,9.2,6.3,10.9,23.3,1.9,88.5
143,措备,2023-12-15,8.6,6,10.5,31.5,2.8,94.3
143,措备,2023-12-16,2.4,-3,7.6,.1,5.5,59
143,措备,2023-12-17,-5.1,-7.2,-1.4,,4.6,43.8
143,措备,2023-12-18,-2.8,-6.6,0,,3.5,43.1
143,措备,2023-12-19,.3,-2.6,3.6,,1.6,39.4
143,措备,2023-12-20,-2.3,-6.6,.6,.1,3.8,59.9
143,措备,2023-12-21,-6.4,-8.6,-2.6,,4.1,46.5
143,措备,2023-12-22,-6.4,-9.7,-2.8,,4.4,44.4
143,措备,2023-12-23,-3.1,-7.7,2,,2.6,51.3
143,措备,2023-12-24,-1.3,-5.4,4.7,,1.4,65.4
143,措备,2023-12-25,.2,-4.1,5.6,,1.7,64.9
143,措备,2023-12-26,1.8,-4.8,9.6,,1.3,67.4
143,措备,2023-12-27,3.8,-.9,11.3,,1,63.1
143,措备,2023-12-28,3.5,-3,10.6,,1.7,63.1
143,措备,2023-12-29,3.1,-2.9,9.5,,1.6,65.8
143,措备,2023-12-30,2.9,-2.9,7.7,.7,1.2,75.8
143,措备,2023-12-31,4.6,1.4,7.9,1.2,2.4,80.1
143,措备,2024-01-01,3.9,-1.7,10.2,,1.2,74.9
143,措备,2024-01-02,6.1,2.5,10.6,,1.8,64
143,措备,2024-01-03,4.1,1.8,7.1,4.2,3.3,70.3
143,措备,2024-01-04,3,-1.9,9.2,,2,54.6
143,措备,2024-01-05,4.6,-2.5,12.5,,1.4,68
143,措备,2024-01-06,3.7,0,9,,2.5,50.5
143,措备,2024-01-07,.5,-2.8,2.8,,4.5,44
143,措备,2024-01-08,-1.6,-6.4,4.9,,1.8,40.9
143,措备,2024-01-09,.2,-5.6,5.7,1.3,1,60.1
143,措备,2024-01-10,2.8,-.1,7.4,0,1.6,77.6
143,措备,2024-01-11,1.7,-2.9,7.3,,2.2,66.9
143,措备,2024-01-12,3.7,-1.6,10.3,,2.2,50.3
143,措备,2024-01-13,2.9,-1.5,8.7,,2.8,35.6
143,措备,2024-01-14,4.9,-4.5,14.6,.3,2.1,61.4
143,措备,2024-01-15,2.1,-.9,6.5,,3.7,40.1
143,措备,2024-01-16,1,-5.2,7.8,,1.5,42.9
143,措备,2024-01-17,3.3,-1.9,6.7,1,.9,68.8
143,措备,2024-01-18,6.3,4.5,7.3,2.7,1.9,83.1
143,措备,2024-01-19,6,4.9,7.2,0,3.6,70.6
143,措备,2024-01-20,5.4,3.7,7.4,11,2.8,86.6
143,措备,2024-01-21,5.5,3.1,8.3,.8,1.4,82.9
143,措备,2024-01-22,-1.5,-6.4,4.5,.1,5.6,53.6
143,措备,2024-01-23,-6.2,-8.8,-2.1,,5.5,47
143,措备,2024-01-24,-5,-8.7,-.1,,4.4,49
143,措备,2024-01-25,-2.2,-7,3.7,,3.2,38.3
143,措备,2024-01-26,1.6,-2.7,7.1,,3.3,47
143,措备,2024-01-27,3,-3.1,9.1,,2.5,48.8
143,措备,2024-01-28,2,-2.3,6.7,,2.6,52.9
143,措备,2024-01-29,.4,-5.2,7.8,,1.5,58.5
143,措备,2024-01-30,2.2,-5.7,11,,1,59.1
143,措备,2024-01-31,7.9,2.7,15.4,0,1.1,53.3
143,措备,2024-02-01,6.3,3.5,9.1,0,3,62.9
143,措备,2024-02-02,5.4,3.2,9.3,,3,71.5
143,措备,2024-02-03,5.9,4.4,8.4,2.1,2.7,78.5
143,措备,2024-02-04,5.9,3.9,8.8,1.9,2.3,83.6
143,措备,2024-02-05,5.4,3.5,6.9,12,3.5,82.9
143,措备,2024-02-06,3.5,1.2,5.3,0,2.2,75.5
143,措备,2024-02-07,3.7,.5,8,,2.1,57.1
143,措备,2024-02-08,2.6,-2.6,9.6,,1.5,61.6
143,措备,2024-02-09,3.3,-2.3,9.7,,2.2,54.1
143,措备,2024-02-10,3.8,-1.4,9.2,,2.5,53.4
143,措备,2024-02-11,3.1,-2.5,8.2,,2.5,59.3
143,措备,2024-02-12,4.3,-2.8,13.5,,1.3,52.4
143,措备,2024-02-13,8.3,-.9,18.2,,1.5,61.3
143,措备,2024-02-14,10.6,5.1,19.2,.8,.8,81.5
143,措备,2024-02-15,8.5,3.4,17.8,,2.8,77.3
143,措备,2024-02-16,4.6,.3,10,,1.6,58.3
143,措备,2024-02-17,5.8,-2,15.4,,1.1,60.9
143,措备,2024-02-18,8.2,-1.3,14.5,5.1,1.4,76.5
143,措备,2024-02-19,14.7,12.3,18.8,14.4,2.1,88.9
143,措备,2024-02-20,7.5,5.5,13,3.9,4.1,86
143,措备,2024-02-21,5.1,3.6,,4.9,4.3,88.8
143,措备,2024-02-22,3,2,4.5,1.6,3.2,82.5
143,措备,2024-02-23,3,1.2,5.5,.3,2.6,70.6
143,措备,2024-02-24,3.6,1.9,6.4,1.3,2.8,65.8
143,措备,2024-02-25,4.2,1.5,8.3,1.7,2,81.6
143,措备,2024-02-26,5.1,2.7,9.3,,2.1,67.3
143,措备,2024-02-27,2.6,-1,6.7,,1.8,69.1
143,措备,2024-02-28,4.6,-2.4,10.9,,1.4,65.5
143,措备,2024-02-29,4.1,3.1,5.8,6.8,1.7,85.9
143,措备,2024-03-01,.5,-4,4,,5.2,35.1
143,措备,2024-03-02,.5,-5.5,7,,3.1,40.1
143,措备,2024-03-03,6.3,1,12,0,2.8,53
143,措备,2024-03-04,7.7,-.2,13.9,0,1.2,55.6
143,措备,2024-03-05,6.6,5.4,9.3,8,2.2,86.1
143,措备,2024-03-06,6.9,4.8,10,0,2,70.6
143,措备,2024-03-07,5.9,3.6,9.7,0,2.7,60.8
143,措备,2024-03-08,4.7,1.4,10.2,,4.7,38.5
143,措备,2024-03-09,3.9,-.6,10.5,,2.5,40.9
143,措备,2024-03-10,5.4,-2.9,13.9,,1.5,47.5
143,措备,2024-03-11,8,.9,13.4,,1.5,51.1
143,措备,2024-03-12,6.7,2.1,12.1,0,1.7,72.6
143,措备,2024-03-13,7.8,.6,16.1,,2.4,55.1
143,措备,2024-03-14,9.7,1.6,18.1,,1.9,37.6
143,措备,2024-03-15,12,1.7,21.1,,2.4,37.9
143,措备,2024-03-16,14.1,4.4,22.1,0,1.7,37.4
143,措备,2024-03-17,13.6,8.3,18.8,,3.7,37.8
143,措备,2024-03-18,9.9,2.7,17.4,,1.9,42.1
143,措备,2024-03-19,9.9,5.9,16.3,.3,3.7,46.1
143,措备,2024-03-20,6.7,4,11.1,,5,34.6
143,措备,2024-03-21,6.4,.4,13.1,,2.6,43.3
143,措备,2024-03-22,10,2,16.1,.2,2.7,59.9
143,措备,2024-03-23,16,11.1,24.1,.3,2.6,61.5
143,措备,2024-03-24,10.9,10.1,12.3,.3,4.3,72.9
143,措备,2024-03-25,9.5,7,12.4,16.2,3.5,81.8
143,措备,2024-03-26,7.9,5.8,11.1,17.3,1.8,80.6
143,措备,2024-03-27,10,2.2,17,,1.4,70.9
143,措备,2024-03-28,9.2,8.2,11,27,1.8,90.3
143,措备,2024-03-29,13.1,5.1,20.1,,3.3,57.1
143,措备,2024-03-30,11.3,3.9,18.8,1.3,1.7,53.6
143,措备,2024-03-31,13.2,8,19.9,,1.5,41.6
143,措备,2024-04-01,14.6,5.3,24,,1.7,44.9
143,措备,2024-04-02,15.7,7.4,24.6,2.9,1.5,51.3
143,措备,2024-04-03,12.1,11.3,13.4,29.4,2.7,94.8
143,措备,2024-04-04,12.4,10.6,15.7,,3.7,64.6
143,措备,2024-04-05,14.1,10.6,19.7,,2.1,55
143,措备,2024-04-06,14.6,8.6,21.5,,1.4,59.8
143,措备,2024-04-07,17,8.5,25.5,,1.4,46.8
143,措备,2024-04-08,17.9,11.2,23.4,,1.1,45.1
143,措备,2024-04-09,12.6,8.4,17.4,,4.9,51.5
143,措备,2024-04-10,12.7,4.7,20.4,,1.6,55.9
143,措备,2024-04-11,15.1,10,21,,1.3,56.1
143,措备,2024-04-12,18,10.1,26.2,,1.1,55.1
143,措备,2024-04-13,19.5,10.8,28.4,,1.5,50.3
143,措备,2024-04-14,19.7,10.6,28.2,,2.1,45.6
143,措备,2024-04-15,16.1,15.2,18.3,14.5,2.1,82.6
143,措备,2024-04-16,18,13.7,23.6,,2.4,59.6
143,措备,2024-04-17,17,9.5,24.6,,1.7,52.5
143,措备,2024-04-18,18,10.8,26.7,,1.9,52.5
143,措备,2024-04-19,20.2,11,28.8,,1.6,47.3
143,措备,2024-04-20,15.4,13.9,19.1,4,2.4,78.8
143,措备,2024-04-21,15.5,14.1,17.1,.3,2.9,82.8
143,措备,2024-04-22,15,12.8,17.7,,2.7,70.5
143,措备,2024-04-23,14,11.1,17.7,4.5,4.1,72.8
143,措备,2024-04-24,14.2,10.4,20.7,1.9,2,74.9
143,措备,2024-04-25,18.5,11.6,27,,2.3,53.9
143,措备,2024-04-26,18.4,12.3,25.5,,1.1,62.6
143,措备,2024-04-27,20.9,12.1,30.5,,1.4,53.4
143,措备,2024-04-28,19.3,12.5,28.4,,2.6,60.6
143,措备,2024-04-29,14.6,13.3,16.1,1.6,3.7,84.4
143,措备,2024-04-30,16.5,12.3,22.9,1.5,2.3,79.8
143,措备,2024-05-01,13,9.5,18.1,1.2,3.2,68.8
143,措备,2024-05-02,15.9,6.6,25.1,,1.5,55.3
143,措备,2024-05-03,19.2,9.8,28.4,,1.5,51
143,措备,2024-05-04,20.4,10.2,29.3,,1.7,52.5
143,措备,2024-05-05,18.8,17.4,21.2,12.4,2.2,79.5
143,措备,2024-05-06,20.1,17.2,24.4,7.6,3,69
143,措备,2024-05-07,14.1,10.9,18.4,4.4,2.7,81.9
143,措备,2024-05-08,13,9.6,17.7,1,2.2,70
143,措备,2024-05-09,16.8,6.9,25.6,,2,56.3
143,措备,2024-05-10,19.9,10.5,29.8,,1.5,43.3
143,措备,2024-05-11,19.9,12.8,25.1,4.2,2.2,64
143,措备,2024-05-12,19.3,16.4,24.1,5.6,3,53.9
143,措备,2024-05-13,19,11.2,26.1,,1.8,47.6
143,措备,2024-05-14,20.1,10.7,28.5,,1.5,49.9
143,措备,2024-05-15,18.4,10.6,27.9,16.7,2.4,56.5
143,措备,2024-05-16,15.5,8.5,22.4,2,4.7,53.6
143,措备,2024-05-17,19.1,10,28.4,,1.7,51.8
143,措备,2024-05-18,21.4,12.1,30.6,,1.6,44.6
143,措备,2024-05-19,23,14.6,31.5,,1.7,46.5
143,措备,2024-05-20,21,14.4,29,,2.3,54.9
143,措备,2024-05-21,17.8,14.5,22.8,,4.3,69
143,措备,2024-05-22,21.7,11.8,30.7,,1.8,59.5
143,措备,2024-05-23,25.3,18.3,32.5,,2.2,46.1
143,措备,2024-05-24,21.2,16.8,26.8,,3.7,54.1
143,措备,2024-05-25,19.6,16.6,23.9,,3.7,51.9
143,措备,2024-05-26,20.8,14.2,28,4.7,2.1,70.3
143,措备,2024-05-27,21.5,18.5,24.9,,4.2,48.3
143,措备,2024-05-28,18.6,13.6,24.4,,2.3,56.3
143,措备,2024-05-29,20.9,10.4,29.2,,1.3,51.9
143,措备,2024-05-30,21.6,16.5,27.5,,1.1,59.6
143,措备,2024-05-31,24,19.5,29.8,,2.4,43.5
143,措备,2024-06-01,22,17.3,27.5,,2.5,52.6
143,措备,2024-06-02,20.1,15,26.7,,2.4,61.4
143,措备,2024-06-03,19.4,16.1,25.4,,3.4,63.9
143,措备,2024-06-04,19.8,13.1,26.3,,2.6,56.4
143,措备,2024-06-05,21.4,12.5,28.9,,2.5,51.6
143,措备,2024-06-06,22,16.2,27.9,,1.5,53.3
143,措备,2024-06-07,23.9,16.5,30.3,,1.5,52.5
143,措备,2024-06-08,19.9,18.7,23.2,21.5,1.7,82.9
143,措备,2024-06-09,23.1,18.7,29.4,1.8,1,72.8
143,措备,2024-06-10,26,18.5,33.4,,1.6,60.1
143,措备,2024-06-11,27.5,20.6,34.5,,1.8,54.6
143,措备,2024-06-12,27.9,21.8,33.9,,1.9,49.1
143,措备,2024-06-13,27.7,21.5,35.6,,1.7,51.8
143,措备,2024-06-14,27.5,19.6,35.1,,1.8,51.6
143,措备,2024-06-15,25.4,21.7,32.2,4.3,1.7,68.5
143,措备,2024-06-16,26.2,21.5,31.5,,2.7,54.8
143,措备,2024-06-17,24.8,19.2,30,,1.8,52.4
143,措备,2024-06-18,28.3,19.5,35.4,,2.7,41.6
143,措备,2024-06-19,29.3,21.4,36.8,,1.5,43
143,措备,2024-06-20,25,21.1,28.8,,1.6,54
143,措备,2024-06-21,26.2,21.2,30.8,,1.7,63
143,措备,2024-06-22,23.4,22.3,24.5,21.2,1.6,88.6
143,措备,2024-06-23,26.1,23.4,30,.1,1.8,77.6
143,措备,2024-06-24,26.8,21.8,32.6,,2.2,65
143,措备,2024-06-25,24.8,20.9,29.6,,3.3,48.9
143,措备,2024-06-26,24.8,19.6,30.8,,1.8,52.4
143,措备,2024-06-27,22,18.1,26.2,4.7,1.2,69.4
143,措备,2024-06-28,26,18.2,34.1,,1.2,63.9
143,措备,2024-06-29,24.5,22,29.8,20.3,1.8,80.9
143,措备,2024-06-30,26.2,23.6,31,24.4,1.9,85.3
143,措备,2024-07-01,28,24.4,32.5,0,1.8,66
143,措备,2024-07-02,25.2,21.9,27.9,22.1,2.9,84.8
143,措备,2024-07-03,28.9,24.9,33.9,12.4,2.7,67.9
143,措备,2024-07-04,29,22.9,34.8,,2.1,64
143,措备,2024-07-05,29,26,32.8,.5,2.9,61.6
143,措备,2024-07-06,28.7,24.5,32.9,,1.8,69.1
143,措备,2024-07-07,29,24.6,32.4,7.9,1.6,73.6
143,措备,2024-07-08,27.2,26.2,29.2,2.4,.9,82.4
143,措备,2024-07-09,24.4,22.8,27.2,191.3,1.4,93.8
143,措备,2024-07-10,23.9,22,26.2,65.7,2.3,87.6
143,措备,2024-07-11,24.6,21.7,28.2,24,1.4,83
143,措备,2024-07-12,26.4,22.4,32.7,4.5,1,77.6
143,措备,2024-07-13,25.6,21.8,30.1,.8,2,79
143,措备,2024-07-14,23.7,22.8,25.3,2.6,2.9,87.4
143,措备,2024-07-15,24.3,22.6,26.6,0,2.9,82.3
143,措备,2024-07-16,25.1,22.2,28.8,5.9,1.5,83.6
143,措备,2024-07-17,27.1,23,31.7,0,1.7,78
143,措备,2024-07-18,28.5,26.8,30.7,.9,2.3,72.3
143,措备,2024-07-19,27.3,24.2,30.8,1.9,1.5,77
143,措备,2024-07-20,26.9,24,30.6,22.7,1.5,79.8
143,措备,2024-07-21,29.7,25.9,34.4,2.2,2.4,71.1
143,措备,2024-07-22,30.1,25.9,34.2,,1.9,67.4
143,措备,2024-07-23,30,27.5,32.8,,2.2,66.6
143,措备,2024-07-24,28.6,26.3,31.2,4.4,1.4,79
143,措备,2024-07-25,29.7,25.3,34.8,,1.4,73.1
143,措备,2024-07-26,29.7,26.3,33.4,0,2.3,70.5
143,措备,2024-07-27,29.5,26.4,33.9,0,1.8,73.8
143,措备,2024-07-28,30.5,26.6,35.1,,1.9,67.5
143,措备,2024-07-29,30.7,26.3,35.6,,2.8,62.3
143,措备,2024-07-30,30.3,25.5,35.1,,2.2,64.1
143,措备,2024-07-31,30.6,25.4,36.3,,1.9,66.5
143,措备,2024-08-01,31.6,27.9,35.5,,2,65.5
143,措备,2024-08-02,31.5,27.6,36.3,2.4,1.8,69.9
143,措备,2024-08-03,32.1,27.8,37.2,,1.9,67.9
143,措备,2024-08-04,29.8,27,35.3,,2.2,74.8
143,措备,2024-08-05,28.3,24.4,36,20.6,2.2,78.1
143,措备,2024-08-06,29.2,23.8,35.5,,1.9,72.3
143,措备,2024-08-07,31,26.5,36.6,,1.6,66.8
143,措备,2024-08-08,28.5,24.1,34.1,58,.8,75.1
143,措备,2024-08-09,29.3,24.6,35.5,,2.3,68.3
143,措备,2024-08-10,28.9,24.6,34.2,,2.6,67.5
143,措备,2024-08-11,28.9,24.1,34.4,,2.5,67.6
143,措备,2024-08-12,28.4,23.5,34.5,,2.8,68
143,措备,2024-08-13,28,23.4,33.6,,2.5,67.8
143,措备,2024-08-14,28,23,32.6,,2.7,70.3
143,措备,2024-08-15,28.3,24,34.3,,2.9,69.5
143,措备,2024-08-16,28.7,24.3,33.9,,2.3,67
143,措备,2024-08-17,29.1,24.7,34.5,,2.2,67
143,措备,2024-08-18,29,24.6,34,0,2.7,66
143,措备,2024-08-19,29.6,24.6,35.1,0,2,68
143,措备,2024-08-20,28.8,26.3,33.6,2,2,79.6
143,措备,2024-08-21,28.1,25.6,31.5,3.3,2.1,84
143,措备,2024-08-22,29.7,26,34.4,0,2.2,72.3
143,措备,2024-08-23,30.3,25.1,35.4,,1.9,61.3
143,措备,2024-08-24,30.4,25.4,35.8,,1.6,61.6
143,措备,2024-08-25,28.9,25.4,35.9,0,2,71.4
143,措备,2024-08-26,28.7,25.3,34.4,21.1,2,74.3
143,措备,2024-08-27,26.2,23.7,30.9,10.8,3,80.4
143,措备,2024-08-28,26.6,24.1,29.9,,2.6,68.3
143,措备,2024-08-29,28.1,25,32.8,.1,2.9,66.4
143,措备,2024-08-30,29.5,25.7,34.8,,2.6,61.3
143,措备,2024-08-31,27.6,24.3,33.3,,3,62.8
143,措备,2024-09-01,27.9,22.2,34.3,,1.6,62
143,措备,2024-09-02,27,22.9,31.7,0,1.8,69.4
143,措备,2024-09-03,24.9,21.9,28.8,0,3,65
143,措备,2024-09-04,25.4,19.6,31,,2.4,64
143,措备,2024-09-05,28.4,20.3,35.1,,1.9,58.4
143,措备,2024-09-06,25.4,22.5,29.2,15.7,2.4,83.4
143,措备,2024-09-07,25.4,22.3,30,4.5,1.4,87.6
143,措备,2024-09-08,27.2,24.7,32.3,.1,2.6,79.3
143,措备,2024-09-09,27.5,24.6,32.3,,2.7,73.5
143,措备,2024-09-10,28.9,23,35.6,,.5,68.6
143,措备,2024-09-11,27.1,25.1,31.1,1.4,1.2,81.9
143,措备,2024-09-12,27.5,24.5,32.3,25.7,1.7,82.6
143,措备,2024-09-13,28.9,25,33.8,,1,73.6
143,措备,2024-09-14,28.7,25,34.9,,1.5,74.9
143,措备,2024-09-15,26.5,24.7,29.8,,3.1,80.3
143,措备,2024-09-16,26,24.4,28.5,,2.6,80.3
143,措备,2024-09-17,29.5,24.3,36.1,,1.4,70.6
143,措备,2024-09-18,29.5,25.8,35.8,0,1.6,73.3
143,措备,2024-09-19,29,24.5,34,,1.3,72.4
143,措备,2024-09-20,26.2,25.2,28.2,16.4,1.2,90.5
143,措备,2024-09-21,21.2,19.7,25.4,87.6,3.1,95.6
143,措备,2024-09-22,22.1,19.9,25.4,0,2.4,75.8
143,措备,2024-09-23,19.7,15.2,23.6,,2.8,60.9
143,措备,2024-09-24,19.7,13.6,25.7,,2,75.6
143,措备,2024-09-25,22.5,17.3,28.2,,1.6,74
143,措备,2024-09-26,23.3,18.1,29,,1.2,72.9
143,措备,2024-09-27,23.4,20.4,29.7,,1.7,77.6
143,措备,2024-09-28,21.8,19.2,25.9,.1,1.8,81.6
143,措备,2024-09-29,21.3,17.4,26.1,,2.2,74.1
143,措备,2024-09-30,21.3,15,28.8,,1.1,70.6
143,措备,2024-10-01,21.1,16.6,28.2,,2.4,65.4
143,措备,2024-10-02,17.3,14.3,21.6,,2.9,43.3
143,措备,2024-10-03,16.6,14.1,20.7,9.9,1.9,70.4
143,措备,2024-10-04,17.3,12.6,23.1,,1.7,72.8
143,措备,2024-10-05,17.2,11,23.8,,1.5,75.3
143,措备,2024-10-06,18.1,14.6,22.4,3.2,1.2,82.4
143,措备,2024-10-07,17.4,15.9,19.4,.9,1.6,78.8
143,措备,2024-10-08,17.9,13.8,24.6,5.8,1.3,79.8
143,措备,2024-10-09,17.2,13.2,22.4,,1.8,75.3
143,措备,2024-10-10,17.5,11.5,24.3,,1.2,71.5
143,措备,2024-10-11,18.1,12.4,25.2,,1.2,70.9
143,措备,2024-10-12,17.8,12.2,25.4,,1.1,68.9
143,措备,2024-10-13,17.9,10.4,24,,2.1,73.3
143,措备,2024-10-14,18.7,16.5,21.7,14.1,.9,85.6
143,措备,2024-10-15,19.1,17.3,21,7.5,1,93.4
143,措备,2024-10-16,19.4,16.4,24.6,,1.6,80.9
143,措备,2024-10-17,18.7,15.2,23.5,,1.6,81.9
143,措备,2024-10-18,20.5,17.6,24.3,16.1,1.5,87.8
143,措备,2024-10-19,17.8,13.2,23,5.4,2.9,84.1
143,措备,2024-10-20,14.4,12.1,15.7,,3.3,57.5
143,措备,2024-10-21,15.2,11.8,17.7,5.3,1.1,77
143,措备,2024-10-22,17.1,15,18.4,23,1,95.3
143,措备,2024-10-23,16.8,12.5,20.4,0,4.1,60.4
143,措备,2024-10-24,13.8,7.6,21,,1.8,66.1
143,措备,2024-10-25,15,8.4,20.6,,1.8,78.6
143,措备,2024-10-26,16.6,12.5,21.6,,1.8,77.4
143,措备,2024-10-27,14.5,10.9,17.4,2.8,1,89
143,措备,2024-10-28,14.6,12.9,16.6,.9,1.6,88
143,措备,2024-10-29,14.5,10.7,19.9,,1.3,76.4
143,措备,2024-10-30,14.7,9.2,22.7,,1.2,76.1
143,措备,2024-10-31,15,9.3,21.3,,1.1,80.3
143,措备,2024-11-01,14,12.6,15.3,13,1.2,94.5
143,措备,2024-11-02,16.2,13,22.5,18.9,1.6,83.4
143,措备,2024-11-03,14.6,9.9,21.7,,1.1,82.5
143,措备,2024-11-04,15.2,9.8,21.7,,1.9,70.1
143,措备,2024-11-05,12.4,8.2,18.5,,2.3,57.6
143,措备,2024-11-06,9.4,4.4,14.7,,3,39.5
143,措备,2024-11-07,9.3,1.6,18.6,,.8,68.9
143,措备,2024-11-08,12.4,5.6,20.4,,1.2,77.8
143,措备,2024-11-09,12.7,7.5,18.8,,1.7,82.4
143,措备,2024-11-10,12.6,9.7,16.8,,.6,88.1
143,措备,2024-11-11,13.9,9.3,20.4,,1.4,81.6
143,措备,2024-11-12,13.8,9.2,21.4,,1.5,69.6
143,措备,2024-11-13,13.1,6.5,20,,1.9,71.5
143,措备,2024-11-14,12.8,7.7,17.9,0,1,80.4
143,措备,2024-11-15,14.6,12.5,17.8,0,.9,84
143,措备,2024-11-16,16.4,11.3,23,,.9,75.5
143,措备,2024-11-17,12.5,6.9,16.5,0,3,50.6
143,措备,2024-11-18,5,1.1,10.6,,2.9,38
143,措备,2024-11-19,6.6,-.5,13.2,,.9,67.5
143,措备,2024-11-20,8.6,2.7,14.3,,1.9,65.9
143,措备,2024-11-21,8.9,3.6,15.4,,1.2,71.8
143,措备,2024-11-22,8.2,3.2,14.5,,2.1,52.8
143,措备,2024-11-23,5.9,-.2,13,,1.9,71.5
143,措备,2024-11-24,8,3.8,15,,1,74.5
143,措备,2024-11-25,9.2,2.4,15.8,.2,1.7,73.5
143,措备,2024-11-26,9.3,5.5,12.7,18.3,3.4,64.5
143,措备,2024-11-27,5.1,2.6,7.6,0,3.7,60.9
143,措备,2024-11-28,6,2.5,9.7,0,3.7,57.8
143,措备,2024-11-29,5.3,2.4,8,0,3.8,57
143,措备,2024-11-30,7.5,4.1,11.9,,3.3,53.9
143,措备,2024-12-01,8.2,2.2,15.1,,.8,69.5
143,措备,2024-12-02,10.8,2.7,18.6,,1.7,63.1
143,措备,2024-12-03,6.4,3.1,10.1,,3.4,36.4
143,措备,2024-12-04,4.6,.9,9.2,,2.2,40.6
143,措备,2024-12-05,5.5,.4,9.8,,2.2,55.4
143,措备,2024-12-06,6.4,3.2,9.8,0,3.9,46.4
143,措备,2024-12-07,3.9,1.6,7.9,,3.6,48.6
143,措备,2024-12-08,2.6,0,6.4,,4.3,42.8
143,措备,2024-12-09,3.7,-3.1,8.7,,2.7,52.1
143,措备,2024-12-10,4.4,-.6,9.9,,2.2,48.3
143,措备,2024-12-11,4.2,-.6,11.5,,1.5,57.3
143,措备,2024-12-12,3.3,-2.4,8.8,,2.3,46.3
143,措备,2024-12-13,3.7,.7,7.8,,3.3,35.6
143,措备,2024-12-14,2,-1,5.6,,4,43.9
143,措备,2024-12-15,2.9,-.4,5.5,0,2.5,61.6
143,措备,2024-12-16,3.9,.1,9.4,0,2.5,42.1
143,措备,2024-12-17,4.1,1.3,8,0,3.4,43.6
143,措备,2024-12-18,.6,-1.4,4.2,,3.4,43.1
143,措备,2024-12-19,.3,-5.2,7.6,,1.6,46.6
143,措备,2024-12-20,1.8,-2.9,8.1,,1.5,56.6
143,措备,2024-12-21,2,-1.2,5.6,1.3,3.4,65
143,措备,2024-12-22,-.6,-3.7,3,,4.5,42
143,措备,2024-12-23,2.6,-1.9,8,,3.2,53.3
143,措备,2024-12-24,2.4,-2,7.8,,2.5,43.6
143,措备,2024-12-25,3.1,-2.8,8.9,,1.6,54.4
143,措备,2024-12-26,3.9,-.3,8.5,,3.7,48.9
143,措备,2024-12-27,.4,-2.5,4,,4,45.6
143,措备,2024-12-28,-.1,-2.3,3,0,4.6,50.3
143,措备,2024-12-29,1.8,-3.7,8.2,,1.7,61.5
143,措备,2024-12-30,4.5,-2.4,11.8,,1.8,62.6
143,措备,2024-12-31,4.2,-.4,7.2,,3.9,32.5
143,措备,2025-01-01,2.8,-3.7,9.9,,1.6,49.1
143,措备,2025-01-02,3.1,-3.7,9.8,,1.6,46.1
143,措备,2025-01-03,1.5,-.8,4.9,,3.6,36
143,措备,2025-01-04,1.6,-2.9,6.8,,2.6,43.4
143,措备,2025-01-05,1.2,-3.9,5.7,,1,58.5
143,措备,2025-01-06,1.8,-2.4,7.6,0,2.8,68.1
143,措备,2025-01-07,.3,-2.2,4.1,,4.1,46.9
143,措备,2025-01-08,.5,-2.4,5.4,.6,2.6,63.6
143,措备,2025-01-09,-6.1,-10.1,-1.6,,5.1,42.4
143,措备,2025-01-10,-5.3,-10.7,-.3,,3.6,41.3
143,措备,2025-01-11,-2,-6.9,2.6,,2.8,52.3
143,措备,2025-01-12,-.1,-4.4,3.9,,3.8,50.1
143,措备,2025-01-13,.9,-3.2,7.2,,2,54.6
143,措备,2025-01-14,4.1,-3.5,11.7,,2,51.1
143,措备,2025-01-15,-.3,-3.1,3.5,,4.2,34.8
143,措备,2025-01-16,.8,-3.3,6.4,,2.8,51.4
143,措备,2025-01-17,2.4,-2.9,9.2,,1.1,52.6
143,措备,2025-01-18,2.4,-5.5,11.2,,1,44.9
143,措备,2025-01-19,2.4,-4.7,11.2,,1.1,47.5
143,措备,2025-01-20,2.4,-3.7,10.6,,1.1,63
143,措备,2025-01-21,2.6,-3.1,10.5,,1.3,61
143,措备,2025-01-22,3.6,-3.5,11.8,,1.3,56.5
143,措备,2025-01-23,4.4,-.9,12.6,,1.3,47.6
143,措备,2025-01-24,3.7,-3.9,11.8,,1.7,55.4
143,措备,2025-01-25,3.5,-1.4,8.7,0,2.2,70.5
143,措备,2025-01-26,4.9,2,7.9,0,2,63.9
143,措备,2025-01-27,1.8,-.6,5,3.7,2.6,74
143,措备,2025-01-28,.6,-1.6,3.3,0,4.9,55.6
143,措备,2025-01-29,-.3,-2.5,2.9,0,5,49.8
143,措备,2025-01-30,.5,-3.1,6.2,,2.5,55.5
143,措备,2025-01-31,2.4,-4.2,7.7,0,.9,65.9
143,措备,2025-02-01,3.7,2.5,5.7,5.9,.8,93
143,措备,2025-02-02,3.7,.5,10,,1.4,74.8
143,措备,2025-02-03,.5,-3.7,3.9,,6.1,41.3
143,措备,2025-02-04,-4.3,-7.1,-.8,,5.5,41.3
143,措备,2025-02-05,-4.2,-6.8,.4,,4.8,40.1
143,措备,2025-02-06,-2.2,-6.6,2.3,,3.6,36.1
143,措备,2025-02-07,-4.8,-8.1,-1,1,4.5,60.1
143,措备,2025-02-08,-5.1,-9.3,-.2,,3.5,48.9
143,措备,2025-02-09,-2.4,-6.9,3.2,,2.9,50
143,措备,2025-02-10,-.4,-4.6,4.6,,3.1,52.9
143,措备,2025-02-11,.9,-6.2,9.6,,1,48.3
143,措备,2025-02-12,1.5,-1.3,4.3,5.7,2.3,80
143,措备,2025-02-13,2,-2.2,7.1,,4.6,36
143,措备,2025-02-14,3.5,-4,12,,1.6,51.1
143,措备,2025-02-15,3.4,-2.5,9.8,,1.2,55.9
143,措备,2025-02-16,6.3,-2.2,13.7,,2.4,51.5
143,措备,2025-02-17,2.8,-.7,7.4,,5.6,27.1
143,措备,2025-02-18,.2,-2.9,4.5,,4.6,32.1
143,措备,2025-02-19,.1,-3.6,5,,4.1,32.8
143,措备,2025-02-20,0,-3.9,5.2,,3.6,32.8
143,措备,2025-02-21,.1,-3.5,4.8,,3.9,34.8
143,措备,2025-02-22,.8,-2.9,6.1,0,3.5,37.1
143,措备,2025-02-23,-1,-3.7,2.7,,4.3,39.8
143,措备,2025-02-24,.9,-4.4,7,,4.1,34.9
143,措备,2025-02-25,4.3,-3.1,10.7,,3,36.8
143,措备,2025-02-26,6.2,-.7,12.7,,2.5,37
143,措备,2025-02-27,7,-3,15.5,0,1.4,28
143,措备,2025-02-28,10.8,5.9,18.6,.1,1.8,53.4
143,措备,2025-03-01,9.4,1.7,15.2,0,1.2,73.5
143,措备,2025-03-02,10.2,5.6,14.2,4,3.5,73.1
143,措备,2025-03-03,3.1,.9,5.9,13.4,4.6,75.6
143,措备,2025-03-04,3,1.5,4.6,3.8,3,85.8
143,措备,2025-03-05,4.9,2.6,8,0,1.7,74.3
143,措备,2025-03-06,5.1,2.2,9.6,0,1.8,70
143,措备,2025-03-07,5.3,-.6,11.6,,2,64.3
143,措备,2025-03-08,7.6,4.2,12.4,0,1.9,55.4
143,措备,2025-03-09,7.7,.4,15.1,,1.6,52.9
143,措备,2025-03-10,7.4,.1,14.5,,1.3,56
143,措备,2025-03-11,10.1,1.3,19.6,,1.2,46.8
143,措备,2025-03-12,12.3,4.2,19.4,,2.2,46.6
143,措备,2025-03-13,12,7.9,18.7,,2.7,31.5
143,措备,2025-03-14,9.6,2.8,16.6,,3.8,46.4
143,措备,2025-03-15,8.1,6.3,9.2,.4,4,65.1
143,措备,2025-03-16,5.4,.7,9.1,2.1,3.5,63.3
143,措备,2025-03-17,4.2,.4,9.7,,3.5,36.4
143,措备,2025-03-18,2.8,.6,5.4,.1,3.5,61.1
143,措备,2025-03-19,4.6,-.6,10.1,,3,43.6
143,措备,2025-03-20,9.2,-1,17.5,,2.7,41.5
143,措备,2025-03-21,15.4,6.1,23.8,,3.7,30.9
143,措备,2025-03-22,17.4,7.1,26,,2.7,26.3
143,措备,2025-03-23,17.5,7.7,27.9,,1.7,33
143,措备,2025-03-24,18.3,11.6,25.4,,2.3,40.1
143,措备,2025-03-25,18.9,10.2,27.3,,3,36.9
143,措备,2025-03-26,17.7,8.6,26.9,,2.2,34.9
143,措备,2025-03-27,19.6,14.1,27.2,1.2,2.5,63.6
143,措备,2025-03-28,9.6,7,14.1,.4,3.2,45.5
143,措备,2025-03-29,6.7,3,12.7,0,4.2,27.5
143,措备,2025-03-30,5.5,1,10.5,,3.7,28.5
143,措备,2025-03-31,7.7,-.1,14.8,,1.6,45.1
143,措备,2025-04-01,10,2,17.3,,2.3,44.4
143,措备,2025-04-02,9.1,2,19.3,8.1,2.1,58
143,措备,2025-04-03,9,3.4,16,,2.1,67.5
143,措备,2025-04-04,11.3,3.5,18.8,,1.7,54.3
143,措备,2025-04-05,11.8,7.9,15.6,0,2,58.9
143,措备,2025-04-06,13.2,6.8,19.2,,3.7,37.9
143,措备,2025-04-07,14.8,3.9,25,,1.5,33
143,措备,2025-04-08,17.2,10.8,23.6,,3.5,35.3
143,措备,2025-04-09,14.6,6,22,0,1.7,53.3
143,措备,2025-04-10,15.8,11,22.6,,2.3,53
143,措备,2025-04-11,16,6.6,24.9,,2,47.8
143,措备,2025-04-12,14.2,8.7,22.4,6.5,2.5,63
143,措备,2025-04-13,8.5,3.3,12.9,14.2,4.7,49.6
143,措备,2025-04-14,6.6,3.4,12.2,6.1,1.9,76.4
143,措备,2025-04-15,10.6,5,17,0,3.7,51.8
143,措备,2025-04-16,16,4.7,26.8,,1.5,48.5
143,措备,2025-04-17,18.4,12.2,24.2,,1.8,67.6
143,措备,2025-04-18,21.7,14.3,29.5,,1.7,65.3
143,措备,2025-04-19,21.4,16.4,26.7,0,2,65.6
143,措备,2025-04-20,15.4,13.2,19.8,0,3.5,71
143,措备,2025-04-21,18,12.2,25.6,,2.6,56.4
143,措备,2025-04-22,15.6,12.7,18.4,6.9,1.5,88.1
143,措备,2025-04-23,14.6,10.2,18.9,0,3.5,73
143,措备,2025-04-24,18.6,10.3,27.1,,2.7,48.9
143,措备,2025-04-25,15.4,11.5,20.6,,4.2,19.9
143,措备,2025-04-26,16.7,6.9,25.7,,2.4,24.1
143,措备,2025-04-27,18.4,9.5,26.8,,1.5,30.1
143,措备,2025-04-28,18.5,12.1,24.4,,3.1,30.3
143,措备,2025-04-29,16.2,7.9,24.1,,2.2,46.6
143,措备,2025-04-30,19.2,10.3,28.8,,2,42
143,措备,2025-05-01,16.5,10.9,24.1,28.1,1.9,67.5
143,措备,2025-05-02,15.9,10.5,21.1,,3.5,40.6
143,措备,2025-05-03,11.8,9.7,15.6,13.9,2.1,74.1
143,措备,2025-05-04,15.5,6.9,22.7,,3,41.6
143,措备,2025-05-05,13,6.6,19.8,2.5,1.5,60.5
143,措备,2025-05-06,11.8,10.2,14.2,3.2,.9,87.3
143,措备,2025-05-07,16.1,9.9,23.7,,1.4,63.4
143,措备,2025-05-08,18.3,11,25.4,,1.6,52.4
143,措备,2025-05-09,14.7,12.2,17.1,10.2,2,84.6
143,措备,2025-05-10,16.4,14.7,19.7,.3,3.6,66.1
143,措备,2025-05-11,16,12.5,21.4,0,1.7,68.5
143,措备,2025-05-12,18.3,9.4,26.6,,1.8,52.5
143,措备,2025-05-13,19.9,11.3,28,,1.4,56.4
143,措备,2025-05-14,21,13.8,29.1,,1.5,52.8
143,措备,2025-05-15,21.5,17.5,26.6,.9,1.3,69.1
143,措备,2025-05-16,20.3,17.5,23.8,18.8,1.2,83.3
143,措备,2025-05-17,22.5,16.9,28.8,.5,2.5,69.3
143,措备,2025-05-18,19.1,14.2,24.4,,2.8,46.4
143,措备,2025-05-19,20.9,12.2,28.5,,2,56.5
143,措备,2025-05-20,25.3,18,33.7,,1.5,63.3
143,措备,2025-05-21,24.4,19.9,29.9,,2,70.8
143,措备,2025-05-22,17.1,15.2,19.9,,4.4,72.4
143,措备,2025-05-23,16.9,13.7,20.5,,3.8,57.8
143,措备,2025-05-24,13.7,11.9,16,1.7,2.9,81.4
143,措备,2025-05-25,17.6,12.2,24.8,.6,2.1,64.5
143,措备,2025-05-26,19.8,12.1,26.9,,1.4,60.3
143,措备,2025-05-27,21.2,13.7,28.4,,1.6,54.6
143,措备,2025-05-28,20,14.6,29.7,22.5,1.9,66.1
143,措备,2025-05-29,18.7,13.8,26,.4,2.2,70.1
143,措备,2025-05-30,18.2,13.2,24.9,,3,63.3
143,措备,2025-05-31,19.7,11.1,27.8,,1.9,53.1
143,措备,2025-06-01,22.2,13.2,31.4,,1.5,54.4
143,措备,2025-06-02,20.3,17.8,24.3,0,1.4,70.5
143,措备,2025-06-03,22.6,17.1,28.8,.1,3.1,49.5
143,措备,2025-06-04,22.9,13.4,29.2,,3.8,30.5
143,措备,2025-06-05,23,15.5,30,,2.2,40.4
143,措备,2025-06-06,23.2,17.4,30.5,,1.4,49
143,措备,2025-06-07,24.8,15.9,33,,1.5,45.3
143,措备,2025-06-08,26,20.5,31.5,,1.5,52.5
143,措备,2025-06-09,25.9,21.4,31.3,,1.4,61.1
143,措备,2025-06-10,26.5,20,33.6,,2.1,50.9
143,措备,2025-06-11,25.6,20.6,31.5,,3.1,39.1
143,措备,2025-06-12,25.3,19.1,31.7,,1.6,44.1
143,措备,2025-06-13,20.5,17.8,24.9,31.1,1.6,74
143,措备,2025-06-14,21.9,18,27.1,32.7,1.6,86.6
143,措备,2025-06-15,26.1,20,32.7,.3,1.5,73.3
143,措备,2025-06-16,25,22.1,29.1,8.5,1.6,79.5
143,措备,2025-06-17,25.2,19.9,29.9,,1.4,70.9
143,措备,2025-06-18,26.9,21.8,32.7,,1.6,61.1
143,措备,2025-06-19,27.5,21,33.9,,1.3,61.6
143,措备,2025-06-20,26.9,24.1,29.5,1.7,1.8,71.4
143,措备,2025-06-21,22.8,18.3,26.9,74.1,1.8,87.9
143,措备,2025-06-22,22.4,18,27.4,8.4,1.6,72.3
143,措备,2025-06-23,24.9,17.8,31.7,,1.4,61
143,措备,2025-06-24,20.7,18.5,24.8,6.7,2.7,84
143,措备,2025-06-25,23.6,19.9,29.1,.1,2.5,76.9
143,措备,2025-06-26,25.4,22.1,30.1,,2.2,64.9
143,措备,2025-06-27,27.1,20.6,33.1,,1.1,65.4
143,措备,2025-06-28,28.5,23.5,34.5,0,1.2,70.6
143,措备,2025-06-29,29.9,24.5,36.6,,1.2,67.6
143,措备,2025-06-30,30.7,25.8,36.4,,1.6,61.4
143,措备,2025-07-01,30.7,25.7,35.7,,1.6,63.9
143,措备,2025-07-02,31.4,26.9,36.4,,1.6,63.4
143,措备,2025-07-03,31.2,27.1,36,,1.6,62.6
143,措备,2025-07-04,30.2,25.7,35.5,,2.1,56.1
143,措备,2025-07-05,30.6,25.5,36.4,,2.1,59
143,措备,2025-07-06,30.6,26.6,34.9,,2.4,59.6
143,措备,2025-07-07,31.5,26.4,37.4,,2,58.1
143,措备,2025-07-08,28.5,25.5,32.3,,3.5,66
143,措备,2025-07-09,28.1,23.7,33.6,,3.2,55.6
143,措备,2025-07-10,26.6,23.6,31.3,,3.7,63.4
143,措备,2025-07-11,26.2,22.9,30.6,,4.2,60
143,措备,2025-07-12,26.2,21.8,31.8,,2.7,60.4
143,措备,2025-07-13,25.3,20.1,32.5,33.3,2.4,71.3
143,措备,2025-07-14,24.2,20.2,31.2,16.7,2.4,75.9
143,措备,2025-07-15,23.3,20,28,.3,1.4,82.1
143,措备,2025-07-16,23,21.1,26.4,7.4,1.2,88.5
143,措备,2025-07-17,22.5,21.3,24.4,102.3,2.3,92.3
143,措备,2025-07-18,24.8,21.3,31.6,14.3,1.4,86.5
143,措备,2025-07-19,21.9,21.1,23.3,68.1,2.1,95.1
143,措备,2025-07-20,26.5,21.5,32.1,,.9,79.9
143,措备,2025-07-21,26.8,23.4,30.8,5.6,.9,82.9
143,措备,2025-07-22,29.5,25,34.2,,.8,69.5
143,措备,2025-07-23,29.9,24.8,35.3,,.8,68.1
143,措备,2025-07-24,29.9,24.9,35.3,,1.2,64.6
143,措备,2025-07-25,29.3,23.4,35.2,,1.7,63.4
143,措备,2025-07-26,29.3,23.8,34.5,,1.4,66.4
143,措备,2025-07-27,29.8,24.4,36,,1.3,63.5
143,措备,2025-07-28,30.4,23.9,36.8,,1.2,61.9
143,措备,2025-07-29,30.1,24.4,35.9,,1.8,60.5
143,措备,2025-07-30,29.2,22.9,35.2,,1.9,63.5
143,措备,2025-07-31,29.9,24.6,35.9,,1.7,62.4
143,措备,2025-08-01,30.4,23.6,37.2,,1.4,59.4
143,措备,2025-08-02,30.9,25.2,37.3,,1.5,63.3
143,措备,2025-08-03,28.9,24.3,33.1,24.5,1.4,75.3
143,措备,2025-08-04,28.2,24.8,33.3,91,1.2,83.1
143,措备,2025-08-05,29.7,25.9,35.1,1,1.1,76
143,措备,2025-08-06,28.5,23.5,32.5,17,1.6,77.1
143,措备,2025-08-07,27.4,23.3,32,.3,1.2,74.3
143,措备,2025-08-08,26.9,22.7,31.2,,1,69.6
143,措备,2025-08-09,24.5,22.5,27.3,1.1,.9,82.5
143,措备,2025-08-10,25.2,21.2,29.5,13.9,1.6,74.4
143,措备,2025-08-11,24.4,20.5,29.9,.4,1.6,76.9
143,措备,2025-08-12,22.8,20.2,24.4,5.9,1.6,90.5
143,措备,2025-08-13,27.5,23.3,32.1,,.9,78.4
143,措备,2025-08-14,29.8,24.1,35,,1.5,66.8
143,措备,2025-08-15,29.5,24.8,34.6,,1.2,69.1
143,措备,2025-08-16,29.7,25.5,34.6,,1.1,68.1
143,措备,2025-08-17,28.8,23.9,34,,1.5,66.6
143,措备,2025-08-18,29.5,24.9,34.8,,1.1,65.1
143,措备,2025-08-19,30.8,26.9,34.7,,1.5,63.1
143,措备,2025-08-20,30.4,26.5,35.7,,1.5,64.8
143,措备,2025-08-21,30.1,26.5,35.5,,1.3,65.3
143,措备,2025-08-22,30,25.1,36.3,,1.3,67.9
143,措备,2025-08-23,30.8,25.4,37.2,,1.3,60
143,措备,2025-08-24,31,25.8,35.6,,.9,63.3
143,措备,2025-08-25,30.8,26.8,36.9,,1.6,65.6
143,措备,2025-08-26,28.9,26.2,34.3,0,2,65.8
143,措备,2025-08-27,28.3,23.4,35.6,,1.9,65.8
143,措备,2025-08-28,28.3,24,34.9,,1.7,66.5
143,措备,2025-08-29,30.6,25.6,36.3,,1.4,61.4
143,措备,2025-08-30,31,25.2,36.7,,1,55.5
143,措备,2025-08-31,27.8,25.1,33.8,2.9,1.1,75.5
143,措备,2025-09-01,27.9,24.6,32.5,11.7,1.3,76.4
143,措备,2025-09-02,27.4,24.8,31.4,0,1.4,72.8
143,措备,2025-09-03,27,23.2,32.2,,2.5,71.4
143,措备,2025-09-04,27.5,23.9,33,.4,2.4,73.3
143,措备,2025-09-05,27.4,23.3,33.6,12.6,1.5,71.6
143,措备,2025-09-06,28.4,23,34.1,0,1.5,70.3
143,措备,2025-09-07,26.7,24.7,29.1,5.5,1.6,81.6
143,措备,2025-09-08,23.5,19.1,27.9,8.1,1.4,71.6
143,措备,2025-09-09,19.6,18,21.6,61.8,.9,91.9
143,措备,2025-09-10,22.2,19.6,26.3,13.1,.9,85.6
143,措备,2025-09-11,23.2,18.2,28.2,,1.9,73.9
143,措备,2025-09-12,23.3,21.4,26.4,.5,1.9,82
143,措备,2025-09-13,25,22.1,31.6,10,2.4,82.4
143,措备,2025-09-14,24,20.6,28.7,1.7,1.8,78.4
143,措备,2025-09-15,25.9,22.1,29.7,0,.9,76.6
143,措备,2025-09-16,27.5,22.9,34,,1.1,74.9
143,措备,2025-09-17,25.8,23.4,33.4,6.6,1.3,80.6
143,措备,2025-09-18,21.9,19.9,23.8,,3.1,71.6
143,措备,2025-09-19,21.6,19.8,24.4,,2.7,67.5
143,措备,2025-09-20,21.7,18.7,27,8.9,2.1,78.4
143,措备,2025-09-21,20.5,17,25.6,,2.4,73.1
143,措备,2025-09-22,20,16,24.8,,2.3,70.3
143,措备,2025-09-23,21.2,16.9,25.9,0,2.5,65.8
143,措备,2025-09-24,23.9,20.6,27.9,,1.1,75.8
143,措备,2025-09-25,23.9,22.8,26.4,8.1,1,86.5
143,措备,2025-09-26,23,19.8,28.1,,1.5,68.5
143,措备,2025-09-27,22.9,18.9,27.5,,2.4,70.4
143,措备,2025-09-28,21.7,20.4,25,1.8,1.7,83.4
143,措备,2025-09-29,22,18.6,27.1,,2.3,65.5
143,措备,2025-09-30,20.6,15.8,26.4,,1.2,74.9
