"가정별","성별","연령별",2020,2021,2022,2023,2024,2025
"중위 추계(기본 추계: 출산율-중위 / 기대수명-중위 / 국제순이동-중위)","전체","계",51836239,51769539,51672569,51712619,51751065,51684564
"중위 추계(기본 추계: 출산율-중위 / 기대수명-중위 / 국제순이동-중위)","전체","0 - 4세",1776616,1618830,1494041,1387730,1296661,1219810
"중위 추계(기본 추계: 출산율-중위 / 기대수명-중위 / 국제순이동-중위)","전체","5 - 9세",2278285,2231797,2142084,2027744,1914933,1766989
"중위 추계(기본 추계: 출산율-중위 / 기대수명-중위 / 국제순이동-중위)","전체","10 - 14세",2250969,2297714,2311839,2289761,2273651,2271667
"중위 추계(기본 추계: 출산율-중위 / 기대수명-중위 / 국제순이동-중위)","전체","15 - 19세",2518218,2345886,2287873,2301077,2272843,2267007
"중위 추계(기본 추계: 출산율-중위 / 기대수명-중위 / 국제순이동-중위)","전체","20 - 24세",3392351,3278327,3105237,2953664,2838789,2660295
"중위 추계(기본 추계: 출산율-중위 / 기대수명-중위 / 국제순이동-중위)","전체","25 - 29세",3645542,3675202,3628784,3594717,3533643,3476469
"중위 추계(기본 추계: 출산율-중위 / 기대수명-중위 / 국제순이동-중위)","전체","30 - 34세",3307803,3306451,3390434,3524540,3615767,3670087
"중위 추계(기본 추계: 출산율-중위 / 기대수명-중위 / 국제순이동-중위)","전체","35 - 39세",3866979,3683026,3482511,3349843,3297256,3305481
"중위 추계(기본 추계: 출산율-중위 / 기대수명-중위 / 국제순이동-중위)","전체","40 - 44세",3872171,3944406,4035019,4066215,4023556,3851246
"중위 추계(기본 추계: 출산율-중위 / 기대수명-중위 / 국제순이동-중위)","전체","45 - 49세",4385732,4213912,4061992,3926944,3828741,3865770
"중위 추계(기본 추계: 출산율-중위 / 기대수명-중위 / 국제순이동-중위)","전체","50 - 54세",4338269,4425748,4489552,4525612,4459873,4367799
"중위 추계(기본 추계: 출산율-중위 / 기대수명-중위 / 국제순이동-중위)","전체","55 - 59세",4237067,4113626,4113957,4070751,4246026,4292571
"중위 추계(기본 추계: 출산율-중위 / 기대수명-중위 / 국제순이동-중위)","전체","60 - 64세",3814370,4064749,4148113,4258205,4211091,4155466
"중위 추계(기본 추계: 출산율-중위 / 기대수명-중위 / 국제순이동-중위)","전체","65 - 69세",2662232,2894911,3063850,3274183,3509250,3688605
"중위 추계(기본 추계: 출산율-중위 / 기대수명-중위 / 국제순이동-중위)","전체","70 - 74세",1990347,2090525,2164766,2234677,2322783,2527085
"중위 추계(기본 추계: 출산율-중위 / 기대수명-중위 / 국제순이동-중위)","전체","75 - 79세",1608464,1567444,1596539,1637098,1723662,1820534
"중위 추계(기본 추계: 출산율-중위 / 기대수명-중위 / 국제순이동-중위)","전체","80세이상",1890824,2016985,2155978,2289858,2382540,2477683
"중위 추계(기본 추계: 출산율-중위 / 기대수명-중위 / 국제순이동-중위)","전체","80 - 84세",1109242,1157812,1238755,1311746,1322888,1338962
"중위 추계(기본 추계: 출산율-중위 / 기대수명-중위 / 국제순이동-중위)","전체","85 - 89세",548700,605532,646358,685925,737630,778346
"중위 추계(기본 추계: 출산율-중위 / 기대수명-중위 / 국제순이동-중위)","전체","90 - 94세",187321,203889,218926,235791,258561,289611
"중위 추계(기본 추계: 출산율-중위 / 기대수명-중위 / 국제순이동-중위)","전체","95 - 99세",40208,43381,45030,48645,56005,63135
"중위 추계(기본 추계: 출산율-중위 / 기대수명-중위 / 국제순이동-중위)","전체","100세 이상",5353,6371,6909,7751,7456,7629
"중위 추계(기본 추계: 출산율-중위 / 기대수명-중위 / 국제순이동-중위)","남자","계",25925697,25870941,25818686,25859888,25876776,25837903
"중위 추계(기본 추계: 출산율-중위 / 기대수명-중위 / 국제순이동-중위)","남자","0 - 4세",911251,830797,766227,711053,663673,623974
"중위 추계(기본 추계: 출산율-중위 / 기대수명-중위 / 국제순이동-중위)","남자","5 - 9세",1168681,1143757,1097221,1039269,981805,906030
"중위 추계(기본 추계: 출산율-중위 / 기대수명-중위 / 국제순이동-중위)","남자","10 - 14세",1161061,1183139,1189663,1176998,1167483,1164900
"중위 추계(기본 추계: 출산율-중위 / 기대수명-중위 / 국제순이동-중위)","남자","15 - 19세",1307326,1216428,1183580,1188393,1171771,1167856
"중위 추계(기본 추계: 출산율-중위 / 기대수명-중위 / 국제순이동-중위)","남자","20 - 24세",1779560,1711404,1620461,1548436,1486372,1390474
"중위 추계(기본 추계: 출산율-중위 / 기대수명-중위 / 국제순이동-중위)","남자","25 - 29세",1949923,1962374,1933726,1915057,1878599,1841645
"중위 추계(기본 추계: 출산율-중위 / 기대수명-중위 / 국제순이동-중위)","남자","30 - 34세",1745712,1745107,1796779,1883794,1938196,1969945
"중위 추계(기본 추계: 출산율-중위 / 기대수명-중위 / 국제순이동-중위)","남자","35 - 39세",1999740,1907424,1808706,1750443,1731341,1744455
"중위 추계(기본 추계: 출산율-중위 / 기대수명-중위 / 국제순이동-중위)","남자","40 - 44세",1979773,2020470,2067075,2087030,2069513,1986113
"중위 추계(기본 추계: 출산율-중위 / 기대수명-중위 / 국제순이동-중위)","남자","45 - 49세",2225868,2138197,2061862,1995415,1947890,1968894
"중위 추계(기본 추계: 출산율-중위 / 기대수명-중위 / 국제순이동-중위)","남자","50 - 54세",2177535,2221205,2258061,2281401,2252613,2207838
"중위 추계(기본 추계: 출산율-중위 / 기대수명-중위 / 국제순이동-중위)","남자","55 - 59세",2121562,2068337,2068112,2034448,2117431,2142637
"중위 추계(기본 추계: 출산율-중위 / 기대수명-중위 / 국제순이동-중위)","남자","60 - 64세",1876783,1999375,2042614,2101922,2082774,2062168
"중위 추계(기본 추계: 출산율-중위 / 기대수명-중위 / 국제순이동-중위)","남자","65 - 69세",1280138,1394231,1478069,1584823,1700794,1787365
"중위 추계(기본 추계: 출산율-중위 / 기대수명-중위 / 국제순이동-중위)","남자","70 - 74세",928928,975339,1012668,1045428,1087769,1185734
"중위 추계(기본 추계: 출산율-중위 / 기대수명-중위 / 국제순이동-중위)","남자","75 - 79세",685809,675869,696606,722713,768879,816937
"중위 추계(기본 추계: 출산율-중위 / 기대수명-중위 / 국제순이동-중위)","남자","80세이상",626047,677488,737256,793265,829873,870938
"중위 추계(기본 추계: 출산율-중위 / 기대수명-중위 / 국제순이동-중위)","남자","80 - 84세",412934,438090,476263,510831,518803,531274
"중위 추계(기본 추계: 출산율-중위 / 기대수명-중위 / 국제순이동-중위)","남자","85 - 89세",162714,184329,201240,217654,238467,256289
"중위 추계(기본 추계: 출산율-중위 / 기대수명-중위 / 국제순이동-중위)","남자","90 - 94세",41611,45872,50323,54970,61639,71431
"중위 추계(기본 추계: 출산율-중위 / 기대수명-중위 / 국제순이동-중위)","남자","95 - 99세",7927,8158,8291,8601,9811,10842
"중위 추계(기본 추계: 출산율-중위 / 기대수명-중위 / 국제순이동-중위)","남자","100세 이상",861,1039,1139,1209,1153,1102
"중위 추계(기본 추계: 출산율-중위 / 기대수명-중위 / 국제순이동-중위)","여자","계",25910542,25898598,25853883,25852731,25874289,25846661
"중위 추계(기본 추계: 출산율-중위 / 기대수명-중위 / 국제순이동-중위)","여자","0 - 4세",865365,788033,727814,676677,632988,595836
"중위 추계(기본 추계: 출산율-중위 / 기대수명-중위 / 국제순이동-중위)","여자","5 - 9세",1109604,1088040,1044863,988475,933128,860959
"중위 추계(기본 추계: 출산율-중위 / 기대수명-중위 / 국제순이동-중위)","여자","10 - 14세",1089908,1114575,1122176,1112763,1106168,1106767
"중위 추계(기본 추계: 출산율-중위 / 기대수명-중위 / 국제순이동-중위)","여자","15 - 19세",1210892,1129458,1104293,1112684,1101072,1099151
"중위 추계(기본 추계: 출산율-중위 / 기대수명-중위 / 국제순이동-중위)","여자","20 - 24세",1612791,1566923,1484776,1405228,1352417,1269821
"중위 추계(기본 추계: 출산율-중위 / 기대수명-중위 / 국제순이동-중위)","여자","25 - 29세",1695619,1712828,1695058,1679660,1655044,1634824
"중위 추계(기본 추계: 출산율-중위 / 기대수명-중위 / 국제순이동-중위)","여자","30 - 34세",1562091,1561344,1593655,1640746,1677571,1700142
"중위 추계(기본 추계: 출산율-중위 / 기대수명-중위 / 국제순이동-중위)","여자","35 - 39세",1867239,1775602,1673805,1599400,1565915,1561026
"중위 추계(기본 추계: 출산율-중위 / 기대수명-중위 / 국제순이동-중위)","여자","40 - 44세",1892398,1923936,1967944,1979185,1954043,1865133
"중위 추계(기본 추계: 출산율-중위 / 기대수명-중위 / 국제순이동-중위)","여자","45 - 49세",2159864,2075715,2000130,1931529,1880851,1896876
"중위 추계(기본 추계: 출산율-중위 / 기대수명-중위 / 국제순이동-중위)","여자","50 - 54세",2160734,2204543,2231491,2244211,2207260,2159961
"중위 추계(기본 추계: 출산율-중위 / 기대수명-중위 / 국제순이동-중위)","여자","55 - 59세",2115505,2045289,2045845,2036303,2128595,2149934
"중위 추계(기본 추계: 출산율-중위 / 기대수명-중위 / 국제순이동-중위)","여자","60 - 64세",1937587,2065374,2105499,2156283,2128317,2093298
"중위 추계(기본 추계: 출산율-중위 / 기대수명-중위 / 국제순이동-중위)","여자","65 - 69세",1382094,1500680,1585781,1689360,1808456,1901240
"중위 추계(기본 추계: 출산율-중위 / 기대수명-중위 / 국제순이동-중위)","여자","70 - 74세",1061419,1115186,1152098,1189249,1235014,1341351
"중위 추계(기본 추계: 출산율-중위 / 기대수명-중위 / 국제순이동-중위)","여자","75 - 79세",922655,891575,899933,914385,954783,1003597
"중위 추계(기본 추계: 출산율-중위 / 기대수명-중위 / 국제순이동-중위)","여자","80세이상",1264777,1339497,1418722,1496593,1552667,1606745
"중위 추계(기본 추계: 출산율-중위 / 기대수명-중위 / 국제순이동-중위)","여자","80 - 84세",696308,719722,762492,800915,804085,807688
"중위 추계(기본 추계: 출산율-중위 / 기대수명-중위 / 국제순이동-중위)","여자","85 - 89세",385986,421203,445118,468271,499163,522057
"중위 추계(기본 추계: 출산율-중위 / 기대수명-중위 / 국제순이동-중위)","여자","90 - 94세",145710,158017,168603,180821,196922,218180
"중위 추계(기본 추계: 출산율-중위 / 기대수명-중위 / 국제순이동-중위)","여자","95 - 99세",32281,35223,36739,40044,46194,52293
"중위 추계(기본 추계: 출산율-중위 / 기대수명-중위 / 국제순이동-중위)","여자","100세 이상",4492,5332,5770,6542,6303,6527
