"RSTR_FCLTY_NO","YEAR","ARCD","FCLTY_TY","RSTR_NM","DTL_ADRES","AR","USE_PSBL_NMPR","COLR_HOLD_ELEFN","COLR_HOLD_ARCNDTN","CHCK_MATTER_NIGHT_OPN_AT","INPT_TIME","MODF_TIME","RM","RN_DTL_ADRES","CHCK_MATTER_WKEND_HDAY_OPN_AT","MNGDPT_CD","CHCK_MATTER_STAYNG_PSBL_AT","XCORD","YCORD","LO","LA","DTL_POSITION","WKDAY_OPER_BEGIN_TIME","WKDAY_OPER_END_TIME","WKEND_HDAY_OPER_BEGIN_TIME","WKEND_HDAY_OPER_END_TIME","FCLTY_SCLAS"
"쉼터시설번호","년도","지역코드","시설유형 중분류","쉼터명칭","상세주소","면적","이용가능인원","냉방기보유선풍기","냉방기보유에어컨","점검사항야간개방여부","입력시간","수정시간","비고","도로명상세주소","점검사항주말휴일개방여부","관리부서코드","점검사항숙박가능여부","X좌표","Y좌표","경도","위도","위치상세","평일운영시작시간","평일운영종료시간","주말휴일운영시작시간","주말휴일운영종료시간","시설유형 소분류"
"42210012","2026","5121052000","003","영금정경로당","1-103","56.23","14","0","1","N","2021-03-12 09:27:57.000","2026-05-03 00:14:12.000","","강원특별자치도 속초시 영금정로2길 3","N","4231032","N","","","128.5982848","38.2124855","","1000","1600","0900","1800","001"
"42210013","2026","5121054000","003","속초대명2차아파트경로당","625-0","20","10","2","1","N","2021-03-12 09:27:57.000","2026-05-03 00:14:12.000","","강원특별자치도 속초시 번영로67번길 25","N","4231032","N","","","128.5821121","38.2067188","","1000","1700","0900","1800","001"
"47820195","2026","4782034000","003","이서면분회","553-2","198","49","2","1","N","2021-03-19 16:06:03.000","2026-04-04 21:13:39.000","","경상북도 청도군 이서면 수야길 12 ","N","5190106","N","1105565.326817","1741493.137648","128.6663336","35.6639953","","1100","1800","1100","1800","001"
"46130246","2026","4613068500","003","외동경로당","441-4","165","80","2","1","N","2021-01-07 10:25:46.000","2025-11-07 17:21:14.000","","전라남도 여수시 대경도길 42","N","4810402","N","","","127.7219279","34.7192543","","0900","1800","0900","1800","001"
"46130247","2026","4613068500","003","소경도경로당","813-5","164","40","1","1","N","2021-01-07 10:25:46.000","2025-11-07 17:21:47.000","","전라남도 여수시 소경도1길 32","N","4810402","N","","","127.7074364","34.7075391","","0900","1800","","","001"
"27140014","2026","2714054000","004","큰고개새마을금고본점","331-7","40","10","3","1","N","2021-03-10 11:44:43.000","2026-04-28 15:05:39.000","","대구광역시 동구 신암남로 151 (신암동)","N","3420179","N","","","128.6307971","35.883045","","0900","1600","","","001"
"27140016","2026","2714054000","003","보성경로당","622","150","38","2","2","N","2021-03-10 11:44:43.000","2026-05-29 17:44:12.000","","대구광역시 동구 큰고개로 23 (보성아파트 10동)","Y","3420179","N","","","128.623868","35.88568","","1300","1700","1300","1700","001"
"45710391","2026","5271033000","003","춘수당경로당","585-16","140.21","89","3","1","N","2021-04-05 16:39:18.000","2026-05-06 15:23:50.000","","전북특별자치도 완주군 이서면이서로 63-3","N","4721023","N","","","127.0234395","35.8207013","","0900","1800","0900","1800","001"
"45710392","2026","5271033000","003","갈동경로당","99-0","101.61","43","2","1","N","2021-04-05 16:39:18.000","2026-05-06 15:23:50.000","","전북특별자치도 완주군 이서면수청갈동길 145","N","4721023","N","","","127.045081","35.8477474","","0900","1800","0900","1800","001"
"2823700114","2026","2823758100","003","화랑한마음경로당","48-29","133","20","3","2","N","2021-08-06 17:55:34.000","2026-06-01 17:33:44.000","이용시간은 주간 오전 9시부터 오후 6시까지 이용을 원칙으로 하나,  운영 및 폭염 특보 상황 등에 따라 탄력적으로 운영","인천광역시 부평구 화랑로105번길 33","","3540030","N","","","126.7027458","37.4912633","","0900","1800","","","001"
"4673063","2026","4673034000","003","하사남성경로당","69-1","346","87","0","1","N","2021-04-27 16:17:52.000","2025-05-07 14:47:18.000","","전라남도 구례군 마산면 하사3길 6 ","N","4870101","N","","","127.5064579","35.2099912","","0900","1800","","","001"
"46130140","2026","4613035000","003","여석경로당","1403-0","30","20","1","1","N","2021-01-07 10:25:46.000","2025-06-12 15:02:08.000","","전라남도 여수시 화정면여석안길 12-3","N","4810402","N","","","127.653694","34.57819","","0900","1800","","","001"
"46730011","2026","4673032000","003","안음경로당","흥대리 1042-5 안음마을경로당","69.36","21","2","1","N","2021-04-27 16:16:31.000","2026-01-08 20:10:08.000","","전라남도 구례군 간전면 안음1길  7 , 안음마을경로당","N","4870101","N","","","127.5468211","35.1776977","","0900","1800","","","001"
"4423000703","2026","4423032000","003","신당1리당디경로당","90-17","40","10","2","1","Y","2021-05-20 15:57:13.000","2026-06-04 14:07:46.000","","충청남도 논산시 광석면 신당1길 50","N","4540265","N","","","127.0792176","36.2476689","","0900","1800","0900","1800","001"
"41310008","2026","4131052000","003","간촌1경로당","509-0","120","30","0","1","N","2021-03-10 13:19:34.000","2026-04-28 16:08:51.000","","경기도 구리시 동구릉로 104-18","N","3980028","N","","","127.1359533","37.6083781","","0900","1800","","","001"
"4311412","2026","4311331000","003","태성1경로당","91-4","75.98","30","2","1","N","2021-03-12 10:58:30.000","2026-05-07 10:09:18.000","","충청북도 청주시 흥덕구 강내면서부로 375-18","N","5730011","N","","","127.359305","36.587512","","1300","1700","1300","1700","001"
"4311413","2026","4311331000","003","산단경로당","77-0","67","29","2","1","N","2021-03-12 10:58:30.000","2026-05-07 10:09:18.000","","충청북도 청주시 흥덕구 강내면산단길 5-1","N","5730011","N","","","127.353513","36.581683","","1300","1700","1300","1700","001"
"4119201127","2026","4119263000","001","부천시청민원실","1156-0","530","15","0","2","N","2024-08-07 14:20:21.000","2026-04-22 15:35:43.000","","경기도 부천시 원미구 길주로 210 (중동)","N","3860750","N","","","126.7666858","37.5032404","","0900","1800","","","001"
"5013000364","2026","5013051000","001","송산동주민센터","556-2","150","20","10","3","N","2024-08-07 14:54:11.000","2026-04-27 17:06:55.000","","제주특별자치도 서귀포시 소암로 4 (서귀동)","N","6520033","N","","","126.5660405","33.2449598","","0900","1800","0900","1800","001"
"4111461","2026","4111758500","003","살구골현대(아)경로당","989-2","83.03","21","4","1","N","2021-04-21 09:52:26.000","2026-04-20 11:13:04.000","","경기도 수원시 영통구 매영로 366 (현대아파트)","N","3740436","N","","","127.072733","37.249262","","0900","1800","","","001"
"4885067","2026","4885042000","003","내도경로당","5-3","72","18","2","1","N","2021-03-08 09:19:00.000","2026-06-05 14:01:07.000","","경상남도 하동군 금성면내도청도길 94-1","N","5440176","N","","","127.7896197","34.9525803","","0900","1800","1000","2200","001"
"48170491","2026","4817072000","003","덕산아파트경로당","235-1","84.96","8","0","2","N","2021-03-08 20:35:28.000","2026-06-05 10:52:15.000","","경상남도 진주시 서장대로178번길 17","N","5310282","N","","","128.0588315","35.1875741","","0900","1800","0900","1800","001"
"48170492","2026","4817072000","003","나부리경로당","516-1","27.98","8","3","1","N","2021-03-08 20:35:28.000","2026-06-05 10:52:15.000","","경상남도 진주시 나불로 178-1","N","5310282","N","","","128.0497888","35.2108029","","0900","1800","0900","1800","001"
"48170493","2026","4817072000","003","각한경로당","274-4","75.54","12","2","1","N","2021-03-08 20:35:28.000","2026-06-05 10:52:15.000","","경상남도 진주시 나불로100번길 13","N","5310282","N","","","128.0561916","35.2063378","","0900","1800","0900","1800","001"
"48170494","2026","4817072000","003","면호실경로당","939-5","83.6","10","1","1","N","2021-03-08 20:35:28.000","2026-06-05 10:52:15.000","","경상남도 진주시 나불로21번길 130","N","5310282","N","","","128.0449175","35.2026465","","0900","1800","0900","1800","001"
"4125023","2026","4125055000","003","북보산동경로당","459-96","50.96","13","2","1","N","2021-03-15 21:43:08.000","2026-04-30 09:32:29.000","","경기도 동두천시 평화로2607번길 49","N","3920078","N","","","127.0561747","37.922681","","0900","1800","","","001"
"11380005","2026","1138051000","003","녹색경로당","160-9","176","35","4","2","N","2021-04-21 16:54:09.000","2026-05-26 15:06:11.000","※ 경로당 실제 운영시간에 맞춰 탄력적 운영 가능","서울특별시 은평구 은평로11길 21","N","3110173","N","","","126.923291","37.602659","","1000","1700","","","001"
"11380011","2026","1138051000","001","녹번종합사회복지관","28-6","36","12","1","1","N","2021-04-21 16:54:09.000","2026-04-25 15:55:09.000","","서울특별시 은평구 은평로21길 14-26","N","3110173","N","","","126.931781","37.602657","","0900","1800","","","002"
"4311414","2026","4311331000","003","사곡1경로당","306-5","67","36","2","2","N","2021-03-12 10:58:30.000","2026-05-07 10:09:18.000","","충청북도 청주시 흥덕구 강내면 사곡1리지현길 13","N","5730011","N","","","127.33084","36.584752","","1300","1700","1300","1700","001"
"46800492","2026","4680036000","003","관한경로당","금자 219-5","58","15","5","1","Y","2021-04-27 16:32:25.000","2026-05-17 18:25:17.000","","전라남도 장흥군 부산면 금관길  131","N","4910103","N","","","126.922083","34.746394","","0900","1800","0900","1800","001"
"4111084","2026","4111158000","003","서문경로당(영화동)","422-26","424.1","50","2","2","N","2021-04-21 09:52:26.000","2026-04-20 11:13:01.000","","경기도 수원시 장안구 장안로 33  (영화동)","N","3740436","N","","","127.0046605","37.2876652","","0900","1800","","","001"
"458103","2026","5279034000","003","다옥경로당","구암리 215-4 다목마을회관노인정","76.35","13","2","1","N","2021-03-04 09:12:08.000","2026-05-14 18:20:49.000","경로당 내부규정에 의한 탄력적 운영","전북특별자치도 고창군 공음면 이심다옥길  73 , 다목마을회관노인정","N","4781058","N","","","126.5074876","35.3986338","","0900","1800","1000","1700","001"
"45720255","2026","5272025000","003","유산경로당","1106-1","82","20","2","1","N","2021-04-08 15:24:33.000","2026-05-06 09:54:09.000","","전북특별자치도 진안군 진안읍 유산길 12","N","4731017","N","","","127.4387297","35.8100576","","0900","2100","0900","2100","001"
"41830078","2026","4183032000","001","전수2리마을회관(신)","971-2","136.16","40","2","1","Y","2021-04-01 14:29:50.000","2026-06-04 09:24:33.000","","경기도 양평군 강하면 강하2로 41 ","N","4170233","N","","","127.4173281","37.4943434","","0900","1800","1000","1800","002"
"5011000514","2026","5011054000","004","농협은행정부제주지방합동청사출장소","662-0","500","20","","2","N","2024-07-19 16:53:48.000","2025-07-29 17:07:48.000","","제주특별자치도 제주시 청사로 59 (도남동)","N","6510194","N","909455.631899","1500311.399337","126.5253246","33.4908199","","0900","1600","","","001"
"46860382","2026","4686038000","003","방축경로당","871-2","85","27","1","1","Y","2021-02-26 11:01:50.000","2026-06-02 13:04:44.000","","전라남도 함평군 월야면방축길 13","Y","4960117","N","","","126.6299742","35.1659441","","0900","1800","0900","1800","001"
"46860383","2026","4686038000","003","덕령경로당","118-0","85","29","1","1","Y","2021-02-26 11:01:50.000","2026-06-02 13:04:44.000","","전라남도 함평군 월야면덕령길 22","Y","4960117","N","","","126.6427252","35.1646202","","0900","1800","0900","1800","001"
"43130186","2026","4313038500","003","하가흥경로당","222-19","90","22","1","3","N","2021-02-25 09:38:45.000","2025-05-14 11:03:58.000","","충청북도 충주시 중앙탑면가곡로 2066","N","4390176","N","","","127.857099","37.075085","","1300","1700","1300","1700","001"
"48880223","2026","4888037000","002","외춘","326-0","20","6","0","0","N","2021-04-26 13:38:10.000","2026-05-13 21:53:29.000","","경상남도 거창군 남상면 춘전길 14-6","N","5470037","N","1031934.416599","1731798.356934","127.8524718","35.5817156","외춘마을 회관 앞","1800","1800","","","002"
"48850350","2026","4885034000","003","마치경로당","623-0","120.13","38","2","1","N","2021-03-08 09:21:12.000","2026-06-05 14:01:05.000","","경상남도 하동군 횡천면 마치길 17","N","5440176","N","","","127.801474","35.0851248","","0900","1800","1000","2200","001"
"3017000502","2026","3017053500","003","강변들백조아파트경로당","683-0","27.88","30","1","1","N","2021-08-07 13:48:19.000","2025-05-28 15:34:01.000","","대전광역시 서구 구봉로 419","N","3660199","N","","","127.3662","36.3004","","1000","1700","","","001"
"48850354","2026","4885034000","003","상월경로당","98-10","165.6","20","3","1","N","2021-03-08 09:21:12.000","2026-06-05 14:01:05.000","","경상남도 하동군 횡천면 청학로 408","N","5440176","N","","","127.8102378","35.1385104","","0900","1800","1000","2200","001"
"50110069","2026","5011025600","003","하도리면수동경로당","3210-11","138.18","50","1","1","N","2021-03-05 11:20:02.000","2025-07-29 17:22:40.000","","제주특별자치도 제주시 구좌읍면수길 13","N","6510039","N","","","126.86737","33.5220566","","0900","1800","0900","1800","001"
"46730012","2026","4673032000","003","거석경로당","중대리 54-1 대한노인회관","64.87","24","2","1","N","2021-04-27 16:16:31.000","2026-01-08 20:10:28.000","","전라남도 구례군 간전면 거석길  192 , 대한노인회관","N","4870101","N","","","127.6134222","35.1683762","","0900","1800","","","001"
"458104","2026","5279034000","003","마래경로당","구암리 464-2 마래노인회관","36.32","27","2","1","N","2021-03-04 09:12:08.000","2026-05-14 18:20:49.000","","전북특별자치도 고창군 공음면 마래길  15 , 마래노인회관","N","4781058","N","","","126.4940052","35.4085034","","0900","1800","1000","1700","001"
"4476000438","2026","4476043000","003","가회4리경로당","29-40","99.22","15","2","1","N","2021-07-27 16:39:48.000","2026-01-05 12:31:23.000","","충청남도 부여군 세도면 부흥로1100번길 18","N","4570150","N","","","126.9954856","36.1567527","","0600","2300","0600","2300","001"
"47170059","2026","4717034000","003","인금1리경로당","482-7","84.86","21","5","2","N","2021-03-16 19:34:55.000","2026-04-29 17:08:25.000","","경상북도 안동시 풍천면 하인금길 2","N","5070303","N","","","128.5570996","36.5225822","","0900","1800","1100","1600","001"
"47170060","2026","4717034000","003","인금2리경로당","768-0","78.9","19","4","2","N","2021-03-16 19:34:55.000","2026-04-29 17:08:25.000","","경상북도 안동시 풍천면 월애길 153 ","N","5070303","N","","","128.5450494","36.5211281","","0900","1800","1100","1600","001"
"43130187","2026","4313038500","003","상가흥경로당","146-4","40","10","1","2","N","2021-02-25 09:38:45.000","2025-05-14 11:04:00.000","","충청북도 충주시 중앙탑면삼친동2길 7-5","N","4390176","N","","","127.861564","37.074937","","1300","1700","1300","1700","001"
"4111325","2026","4111568000","003","영광(아)경로당","220-4","51.84","12","3","1","N","2021-04-21 09:52:26.000","2026-04-20 11:13:03.000","","경기도 수원시 팔달구 덕영대로757번길 10 (화서동, 영광아파트)","N","3740436","N","","","126.9938475","37.2794483","","0900","1800","","","001"
"361414","2026","3611034000","003","도남리경로당","127-1","74","30","1","1","N","2021-03-15 10:30:13.000","2026-03-30 16:31:18.000","","세종특별자치시 세종시 금남면도남1길 94","N","5690070","N","","","127.233472","36.44312","","0900","1800","0900","1800","001"
"4511300307","2026","5211354000","001","안골노인복지관","764-5","23.1","10","3","1","N","2022-07-07 10:50:22.000","2026-05-04 15:53:32.000","","전북특별자치도 전주시 덕진구 안골1길 11 (인후동1가)","N","4640432","N","","","127.1570867","35.8385052","","0900","1800","","","002"
"4715000345","2026","4715059500","001","대곡동행정복지센터","1330-0","300","30","10","5","N","2025-04-25 13:45:13.000","2026-04-03 11:29:30.000","","경상북도 김천시 부곡길 2  (부곡동)","N","","N","","","128.0892751","36.1245019","","0900","1800","","","001"
"44150189","2026","4415037000","003","인풍리마을회관","504-2","194.34","49","3","1","N","2021-03-12 14:39:33.000","2026-04-27 10:22:22.000","","충청남도 공주시 정안면풍정길 9","N","4500280","N","","","127.1195273","36.6389214","","0900","1800","0900","2200","001"
"47900169","2026","4790037000","003","토치경로당","759-4","73","18","1","1","N","2021-03-10 18:10:16.000","2026-06-04 17:06:48.000","","경상북도 예천군 유천면 유용로 9-27","N","5230088","N","","","128.37712","36.635482","","0900","2000","0900","2000","001"
"47900170","2026","4790037000","003","가2리새경로당","423-2","50","12","1","1","N","2021-03-10 18:10:16.000","2026-06-04 17:06:48.000","","경상북도 예천군 유천면 가동2길 114 (가2리새경로당)","N","5230088","N","","","128.390158","36.629373","","0900","2000","0900","2000","001"
"47900171","2026","4790037000","003","가2리여성노인경로당","314-5","54","13","1","1","N","2021-03-10 18:10:16.000","2026-06-04 17:06:48.000","","경상북도 예천군 유천면 예성로 669-10 (가2리여성노인경로당)","N","5230088","N","","","128.386873","36.635316","","0900","2000","0900","2000","001"
"47830069","2026","4783032000","003","신간1리경로당","784-2","73.62","22","1","1","N","2021-03-08 13:29:59.000","2026-06-02 10:06:50.000","","경상북도 고령군 운수면 신간1길 64","Y","5200107","N","","","128.314455","35.784845","","0900","1800","0900","2200","001"
"4873222","2026","4873034000","003","이열마을회관(경로당)","1061-2","81.9","30","1","1","Y","2021-04-12 20:20:29.000","2026-05-13 19:54:21.000","","경상남도 함안군 대산면 옥렬2길 59 ","Y","5400105","N","1083422.307857","1703350.776861","128.4178001","35.3222423","","1300","1700","1300","1700","001"
"26530062","2026","2653067000","001","학장동주민센터","386-1","39","10","1","2","N","2021-03-22 10:31:54.000","2026-04-29 09:24:56.000","","부산광역시 사상구 학감대로147번길 11","N","3390079","N","","","128.987307","35.14409","","0900","1800","","","001"
"4873310","2026","4873038000","003","가사대경로당","송정리 274-3 가사경로당","43.84","10","1","1","N","2021-04-12 20:20:29.000","2026-05-13 19:54:21.000","","경상남도 함안군 산인면 송정1길  109-72, 가사경로당","Y","5400105","N","","","128.4373737","35.283396","","1300","1700","1300","1700","001"
"45130052","2026","5213032000","003","용연경로당","416-50","66","30","2","1","N","2021-04-08 20:17:32.000","2026-04-29 16:51:12.000","","전북특별자치도 군산시 회현면 하포로 691-1 ","N","4671037","N","","","126.7257178","35.9008877","","0900","1800","0900","1800","001"
"45130053","2026","5213032000","003","월하산경로당","75-1","49.58","12","2","1","N","2021-04-08 20:17:32.000","2026-04-29 16:51:12.000","","전북특별자치도 군산시 회현면 월하산2길 3 ","N","4671037","N","","","126.7363876","35.8947105","","0900","1800","0900","1800","001"
"45130054","2026","5213032000","003","회현경로당","344-2","76","30","3","1","N","2021-04-08 20:17:32.000","2026-04-29 16:51:12.000","","전북특별자치도 군산시 회현면 회현로 206 ","N","4671037","N","","","126.7589289","35.9117417","","0900","1800","0900","1800","001"
"44200175","2026","4420038000","001","인주면사무소","446","391.45","50","5","2","N","2021-03-09 11:15:40.000","2026-04-29 16:42:03.000","","충청남도 아산시 인주면 현대로 1280","N","4520057","N","","","126.885647","36.867688","","0900","1800","0900","1800","001"
"4888276","2026","4888039000","003","내탐경로당","377-1","86","78","2","2","N","2021-03-11 20:09:22.000","2026-05-13 21:53:30.000","","경상남도 거창군 신원면 내탐길 71-3","N","5470184","N","","","127.9280623","35.553033","","0900","1800","0900","2200","001"
"11140050","2026","1114066500","001","동화동주민센터","850-0","100","50","1","1","N","2021-04-12 15:44:21.000","2026-06-02 15:20:44.000","특보 시 주말 공휴일 9시~18시 추가운영, 중대경보 시 평일 22시까지 연장운영","서울특별시 중구 다산로36길 100","N","3010223","N","","","127.019399","37.5599648","","0900","1800","","","001"
"11140051","2026","1114066500","003","동화동구립경로당","50-12","138","70","6","4","N","2021-04-12 15:44:21.000","2026-05-26 18:03:34.000","","서울특별시 중구 퇴계로80길 52","N","3010223","N","","","127.0172988","37.5632367","","1000","1600","","","001"
"48240396","2026","4824037000","003","구포경로당","562-7","87","51","3","1","N","2021-03-17 18:02:55.000","2026-04-30 14:30:30.000","","경상남도 사천시 서포면 자구로 146 ","N","5340053","N","1046464.113837","1667635.93218","128.0092004","35.0026101","","0900","1800","0000","0000","001"
"46840329","2026","4684036000","003","임치경로당","562-31","102.3","20","3","1","N","2021-03-18 11:08:09.000","2025-07-25 09:21:07.000","","전라남도 무안군 해제면 임치길 72-4 ","N","4950148","N","","","126.2634453","35.1028126","","0800","2000","0800","2000","001"
"46840330","2026","4684036000","003","토치경로당","985-7","70","20","3","1","N","2021-03-18 11:08:09.000","2025-07-25 09:21:08.000","","전라남도 무안군 해제면 토치길 69 ","N","4950148","N","","","126.3096978","35.1118165","","0800","2000","0800","2000","001"
"4423001023","2026","4423051000","003","화지5통경로당","16-0","60","15","2","1","Y","2021-05-20 15:57:13.000","2026-06-04 14:07:48.000","","충청남도 논산시 해월로259번길 14","N","4540265","N","","","127.09384","36.2105637","","0900","1800","0900","1800","001"
"45800072","2026","5280025000","003","신흥경로당(부안읍)","78-9","84.3","21","1","1","Y","2021-02-04 14:24:42.000","2025-11-13 09:09:36.000","","전북특별자치도 부안군 부안읍 신흥길 53-2 (신흥경로당)","Y","4791038","N","","","126.728495","35.705027","","0000","2300","0000","2300","001"
"48850017","2026","4885035000","003","잔너리(조진)마을회관","137-0","72","23","2","1","N","2021-03-08 09:17:33.000","2026-06-05 14:01:06.000","","경상남도 하동군 고전면 잔너리길 85","N","5440176","N","","","127.8248766","35.0089147","","0900","1800","1000","2200","001"
"31710302","2026","3171026500","003","연봉경로당","937-45","99.96","23","3","2","N","2021-03-15 11:34:38.000","2026-03-31 10:20:44.000","","울산광역시 울주군 삼남읍 반구대로 182","N","3730029","N","","","129.0965007","35.5139725","","1000","1800","1000","1800","001"
"47820009","2026","4782025000","003","동상리","137-0","96.54","24","2","1","N","2021-03-19 16:06:03.000","2026-04-04 21:13:37.000","","경상북도 청도군 화양읍 동상길 13 ","N","5190106","N","1109302.382492","1739822.481505","128.7073874","35.6485283","","1100","1800","1100","1800","001"
"47820010","2026","4782025000","003","범곡1리","792-0","160.04","40","2","1","N","2021-03-19 16:06:03.000","2026-04-04 21:13:37.000","","경상북도 청도군 화양읍 범곡길 54 ","N","5190106","N","1110703.797673","1739659.188011","128.7228423","35.6469001","","1100","1800","1100","1800","001"
"28200183","2026","2820069000","001","논현1동행정복지센터","603-5","1999","30","0","4","N","2021-03-08 09:03:04.000","2026-05-13 11:54:25.000","","인천광역시 남동구 소래역로 115","N","3530199","N","","","126.729293","37.4056513","","0900","1800","","","001"
"4885100","2026","4885032000","003","덕계경로당","1085-0","83.6","31","2","1","N","2021-03-08 09:19:30.000","2026-06-05 14:01:05.000","","경상남도 하동군 악양면 덕계길 11-12","N","5440176","N","","","127.7093526","35.1538221","","0900","1800","1000","2200","001"
"4511413","2026","5211364200","003","용소경로당","774-36","31.74","7","2","2","N","2021-04-13 14:33:00.000","2026-05-01 19:11:25.000","","전북특별자치도 전주시 덕진구 송천3길 6-9 (송천동1가)","N","4641044","N","","","127.1196458","35.8614003","","1200","1800","","","001"
"501338","2026","5013025300","003","남원LH아파트경로당","2494-0","97.67","29","4","1","Y","2021-03-09 10:55:44.000","2026-05-12 19:15:44.000","","제주특별자치도 서귀포시 남원읍 남원체육관로 342 (서귀포남원엘에이치아파트)","Y","6520186","N","","","126.7220592","33.2811086","","0900","1800","0900","1800","001"
"45191271","2026","5219041000","003","태평마을노인시설","721-4","136","34","3","1","N","2021-03-19 16:46:15.000","2026-05-04 13:27:39.000","","전북특별자치도 남원시 산동면 태평길 23-8","N","4701055","N","","","127.4704658","35.4921851","","0900","1800","","","001"
"46880257","2026","4688039000","003","용산경로당","393-1","74","19","1","1","N","2021-04-07 13:24:52.000","2026-06-04 10:58:19.000","","전라남도 장성군 북이면개화길 22","N","4980130","N","","","126.779888","35.441524","","0900","1800","0900","1800","001"
"3114096","2026","3114060000","004","신한은행울산법원","1415-0","250","20","2","2","N","2021-03-05 17:17:49.000","2025-05-13 20:50:19.000","","울산광역시 남구 법대로 55 (옥동)","N","6310419","N","","","129.2879248","35.5393591","","0900","1600","","","001"
"48850178","2026","4885033000","003","율곡경로당","764-4","72","18","2","1","N","2021-03-08 09:20:09.000","2026-06-05 14:01:05.000","","경상남도 하동군 적량면 율곡길 100","N","5440176","N","","","127.7604331","35.0854131","","0900","1800","1000","2200","001"
"41590008","2026","4159025300","001","봉담도서관","27-49","4605","139","0","82","","2021-03-10 10:33:42.000","2026-05-04 15:02:18.000","매월 첫째, 셋째 월요일, 공휴일 미운영, 화성시문화관광재단 창립기념일(12/23) 미운영","경기도 화성시 효행구 봉담읍 샘마을1길 8-4 (화성시립봉담도서관)","Y","5530583","","","","126.94905","37.219486","","0900","1800","0900","1800","002"
"458175","2026","5279035000","003","상수경로당","121-4","62.1","20","2","1","N","2021-03-04 09:12:08.000","2026-05-14 18:20:49.000","경로당 내부규정에 의한 탄력적 운영","전북특별자치도 고창군 상하면 상수2길 33 (상수경로당)","N","4781058","N","","","126.511501","35.460834","","0900","1800","1000","1700","001"
"458101","2026","5279034000","003","신대경로당(공음)","신대리 261-4 신대리노인회관","101.5","19","5","1","N","2021-03-04 09:12:08.000","2026-05-14 18:20:49.000","경로당 내부규정에 의한 탄력적 운영","전북특별자치도 고창군 공음면 신대길  135 , 신대리노인회관","N","4781058","N","","","126.5307683","35.3991772","","0900","1800","1000","1700","001"
"458102","2026","5279034000","003","장동경로당(공음)","구암리 1182-1 장동마을회관","88.63","22","2","1","N","2021-03-04 09:12:08.000","2026-05-14 18:20:49.000","경로당 내부규정에 의한 탄력적 운영","전북특별자치도 고창군 공음면 구암장동길  3 , 장동마을회관","N","4781058","N","","","126.5000873","35.3977093","","0900","1800","1000","1700","001"
"4481000366","2026","4481025000","003","수철리경로당","176-8","87.03","50","1","1","N","2023-05-18 16:57:57.000","2025-11-10 20:02:14.000","","충청남도 예산군 예산읍 수철길 460 ","N","4610140","N","","","126.8843329","36.7055563","","0900","1800","0900","1800","001"
"4423000704","2026","4423032000","003","중2리안터경로당","229-0","40","10","2","1","Y","2021-05-20 15:57:13.000","2026-06-04 14:07:46.000","","충청남도 논산시 광석면 사계로333번길 84","N","4540265","N","","","127.0674011","36.2471437","","0900","1800","0900","1800","001"
"26320032","2026","2632053000","003","조성협진아파트경로당","97-11","180","10","1","1","N","2021-01-26 11:06:42.000","2026-03-31 17:30:14.000","","부산광역시 북구 효열로162번길 41","N","3320095","N","","","129.01984","35.2615272","","1000","1700","1000","1700","001"
"26320033","2026","2632053000","003","금곡5단지(금오)경로당","1112-2","114.5","13","1","1","N","2021-01-26 11:06:42.000","2026-03-31 17:30:14.000","","부산광역시 북구 효열로37번길 22","N","3320095","N","","","129.0134249","35.2500101","","1000","1700","1000","1700","001"
"4889327","2026","4889041000","003","남암경로당","161-0","67","16","1","1","N","2021-03-05 17:53:24.000","2025-07-12 12:55:05.000","","경상남도 합천군 대양면 남암길 88","N","5480120","Y","","","128.1891194","35.5084306","","0900","1800","0900","1800","001"
"27140017","2026","2714054000","003","성동경로당","326-6","165","41","5","1","N","2021-03-10 11:44:43.000","2026-05-29 17:44:31.000","","대구광역시 동구 아양로34길 18-3 (신암동)","Y","3420179","N","","","128.6305031","35.8841149","","1300","1700","1300","1700","001"
"4480000327","2026","4480037000","003","소도경로당","83-0","100","25","1","1","N","2021-07-19 14:14:02.000","2025-04-30 17:10:49.000","","충청남도 홍성군 서부면남당항로98번길 43-24","N","4600185","N","","","126.484649","36.5370649","","0900","1800","0900","1800","001"
"41480243","2026","4148053000","003","맥금14통경로당","384-3","64","35","2","1","N","2021-04-29 15:43:35.000","2025-11-07 14:29:07.000","","경기도 파주시 방촌로326번길 9 (맥금동)","N","4060513","N","","","126.7266459","37.7747922","","0900","1800","0900","1800","001"
"41480244","2026","4148053000","003","검산9통경로당","267-3","81","20","0","1","N","2021-04-29 15:43:35.000","2025-11-07 14:29:19.000","","경기도 파주시 평화로342번길 42","N","4060513","N","","","126.74546","37.774095","","0900","1800","0900","1800","001"
"41480245","2026","4148053000","003","검산9통할머니경로당","267-3","100","20","0","1","N","2021-04-29 15:43:35.000","2025-11-07 14:29:29.000","","경기도 파주시 평화로342번길 42","N","4060513","N","","","126.74546","37.774095","","0900","1800","0900","1800","001"
"47720123","2026","2772034000","003","이화1리경로당","1563-0","73.48","18","2","1","N","2021-03-08 17:09:29.000","2026-04-28 17:19:23.000","","대구광역시 군위군 우보면 이화1길 26-9 ","N","5141014","N","1104255.999067","1800416.571677","128.6596012","36.1952827","","0900","2000","0700","2200","001"
